/*
 Navicat MySQL Data Transfer

 Source Server         : localhost_3306—root
 Source Server Type    : MySQL
 Source Server Version : 50725
 Source Host           : localhost:3306
 Source Schema         : springbootv2

 Target Server Type    : MySQL
 Target Server Version : 50725
 File Encoding         : 65001

 Date: 06/12/2020 22:30:45
*/

SET NAMES utf8mb4;
SET FOREIGN_KEY_CHECKS = 0;

-- ----------------------------
-- Table structure for t_sys_area
-- ----------------------------
DROP TABLE IF EXISTS `t_sys_area`;
CREATE TABLE `t_sys_area`  (
  `id` int(11) NOT NULL AUTO_INCREMENT COMMENT '自增列',
  `area_code` varchar(40) CHARACTER SET utf8 COLLATE utf8_general_ci NOT NULL COMMENT '区代码',
  `city_code` varchar(40) CHARACTER SET utf8 COLLATE utf8_general_ci NULL DEFAULT NULL COMMENT '父级市代码',
  `area_name` varchar(40) CHARACTER SET utf8 COLLATE utf8_general_ci NOT NULL COMMENT '市名称',
  `short_name` varchar(20) CHARACTER SET utf8 COLLATE utf8_general_ci NOT NULL COMMENT '简称',
  `lng` varchar(20) CHARACTER SET utf8 COLLATE utf8_general_ci NULL DEFAULT NULL COMMENT '经度',
  `lat` varchar(20) CHARACTER SET utf8 COLLATE utf8_general_ci NULL DEFAULT NULL COMMENT '纬度',
  `sort` int(6) NULL DEFAULT NULL COMMENT '排序',
  `gmt_create` datetime(0) NULL DEFAULT NULL COMMENT '创建时间',
  `gmt_modified` datetime(0) NULL DEFAULT NULL COMMENT '修改时间',
  `memo` varchar(250) CHARACTER SET utf8 COLLATE utf8_general_ci NULL DEFAULT NULL COMMENT '备注',
  `data_state` int(11) NULL DEFAULT NULL COMMENT '状态',
  PRIMARY KEY (`id`) USING BTREE,
  INDEX `Index_1`(`area_code`) USING BTREE
) ENGINE = InnoDB AUTO_INCREMENT = 2013 CHARACTER SET = utf8 COLLATE = utf8_general_ci COMMENT = '地区设置' ROW_FORMAT = Dynamic;

-- ----------------------------
-- Records of t_sys_area
-- ----------------------------
INSERT INTO `t_sys_area` VALUES (1975, '500101', '500100', '万州区', '万州', '108.380249', '30.807808', 28, '2019-02-28 17:16:58', '2019-02-28 17:17:05', '', 0);
INSERT INTO `t_sys_area` VALUES (1976, '500102', '500100', '涪陵区', '涪陵', '107.394905', '29.703651', 11, '2019-02-28 17:16:58', '2019-02-28 17:17:05', '', 0);
INSERT INTO `t_sys_area` VALUES (1977, '500103', '500100', '渝中区', '渝中', '106.562881', '29.556742', 37, '2019-02-28 17:16:58', '2019-02-28 17:17:05', '', 0);
INSERT INTO `t_sys_area` VALUES (1978, '500104', '500100', '大渡口区', '大渡口', '106.48613', '29.481003', 6, '2019-02-28 17:16:58', '2019-02-28 17:17:05', '', 0);
INSERT INTO `t_sys_area` VALUES (1979, '500105', '500100', '江北区', '江北', '106.532845', '29.575352', 13, '2019-02-28 17:16:58', '2019-02-28 17:17:05', '', 0);
INSERT INTO `t_sys_area` VALUES (1980, '500106', '500100', '沙坪坝区', '沙坪坝', '106.454201', '29.541224', 24, '2019-02-28 17:16:58', '2019-02-28 17:17:05', '', 0);
INSERT INTO `t_sys_area` VALUES (1981, '500107', '500100', '九龙坡区', '九龙坡', '106.480988', '29.523493', 15, '2019-02-28 17:16:58', '2019-02-28 17:17:05', '', 0);
INSERT INTO `t_sys_area` VALUES (1982, '500108', '500100', '南岸区', '南岸', '106.560814', '29.523993', 18, '2019-02-28 17:16:58', '2019-02-28 17:17:05', '', 0);
INSERT INTO `t_sys_area` VALUES (1983, '500109', '500100', '北碚区', '北碚', '106.437866', '29.82543', 2, '2019-02-28 17:16:58', '2019-02-28 17:17:05', '', 0);
INSERT INTO `t_sys_area` VALUES (1984, '500112', '500100', '渝北区', '渝北', '106.512848', '29.601452', 35, '2019-02-28 17:16:58', '2019-02-28 17:17:05', '', 0);
INSERT INTO `t_sys_area` VALUES (1985, '500113', '500100', '巴南区', '巴南', '106.519424', '29.38192', 1, '2019-02-28 17:16:58', '2019-02-28 17:17:05', '', 0);
INSERT INTO `t_sys_area` VALUES (1986, '500114', '500100', '黔江区', '黔江', '108.782578', '29.527548', 21, '2019-02-28 17:16:58', '2019-02-28 17:17:05', '', 0);
INSERT INTO `t_sys_area` VALUES (1987, '500115', '500100', '长寿区', '长寿', '107.074852', '29.833672', 4, '2019-02-28 17:16:58', '2019-02-28 17:17:05', '', 0);
INSERT INTO `t_sys_area` VALUES (1988, '500222', '500100', '綦江区', '綦江', '106.651421', '29.028091', 22, '2019-02-28 17:16:58', '2019-02-28 17:17:05', '', 0);
INSERT INTO `t_sys_area` VALUES (1989, '500223', '500100', '潼南县', '潼南', '105.84182', '30.189554', 27, '2019-02-28 17:16:58', '2019-02-28 17:17:05', '', 0);
INSERT INTO `t_sys_area` VALUES (1990, '500224', '500100', '铜梁县', '铜梁', '106.054947', '29.839945', 26, '2019-02-28 17:16:58', '2019-02-28 17:17:05', '', 0);
INSERT INTO `t_sys_area` VALUES (1991, '500225', '500100', '大足区', '大足', '105.715317', '29.700499', 7, '2019-02-28 17:16:58', '2019-02-28 17:17:05', '', 0);
INSERT INTO `t_sys_area` VALUES (1992, '500226', '500100', '荣昌县', '荣昌', '105.594063', '29.403627', 23, '2019-02-28 17:16:58', '2019-02-28 17:17:05', '', 0);
INSERT INTO `t_sys_area` VALUES (1993, '500227', '500100', '璧山县', '璧山', '106.231125', '29.59358', 3, '2019-02-28 17:16:58', '2019-02-28 17:17:05', '', 0);
INSERT INTO `t_sys_area` VALUES (1994, '500228', '500100', '梁平县', '梁平', '107.800034', '30.672169', 17, '2019-02-28 17:16:58', '2019-02-28 17:17:05', '', 0);
INSERT INTO `t_sys_area` VALUES (1995, '500229', '500100', '城口县', '城口', '108.664902', '31.946293', 5, '2019-02-28 17:16:58', '2019-02-28 17:17:05', '', 0);
INSERT INTO `t_sys_area` VALUES (1996, '500230', '500100', '丰都县', '丰都', '107.732483', '29.866425', 9, '2019-02-28 17:16:58', '2019-02-28 17:17:05', '', 0);
INSERT INTO `t_sys_area` VALUES (1997, '500231', '500100', '垫江县', '垫江', '107.348694', '30.330011', 8, '2019-02-28 17:16:58', '2019-02-28 17:17:05', '', 0);
INSERT INTO `t_sys_area` VALUES (1998, '500232', '500100', '武隆县', '武隆', '107.756554', '29.323759', 29, '2019-02-28 17:16:58', '2019-02-28 17:17:05', '', 0);
INSERT INTO `t_sys_area` VALUES (1999, '500233', '500100', '忠县', '忠县', '108.037521', '30.291536', 38, '2019-02-28 17:16:58', '2019-02-28 17:17:05', '', 0);
INSERT INTO `t_sys_area` VALUES (2000, '500234', '500100', '开县', '开县', '108.413315', '31.167734', 16, '2019-02-28 17:16:58', '2019-02-28 17:17:05', '', 0);
INSERT INTO `t_sys_area` VALUES (2001, '500235', '500100', '云阳县', '云阳', '108.697701', '30.930529', 36, '2019-02-28 17:16:58', '2019-02-28 17:17:05', '', 0);
INSERT INTO `t_sys_area` VALUES (2002, '500236', '500100', '奉节县', '奉节', '109.465775', '31.019966', 10, '2019-02-28 17:16:58', '2019-02-28 17:17:05', '', 0);
INSERT INTO `t_sys_area` VALUES (2003, '500237', '500100', '巫山县', '巫山', '109.878929', '31.074842', 30, '2019-02-28 17:16:58', '2019-02-28 17:17:05', '', 0);
INSERT INTO `t_sys_area` VALUES (2004, '500238', '500100', '巫溪县', '巫溪', '109.628914', '31.396601', 31, '2019-02-28 17:16:58', '2019-02-28 17:17:05', '', 0);
INSERT INTO `t_sys_area` VALUES (2005, '500240', '500100', '石柱土家族自治县', '石柱', '108.11245', '29.998529', 25, '2019-02-28 17:16:58', '2019-02-28 17:17:05', '', 0);
INSERT INTO `t_sys_area` VALUES (2006, '500241', '500100', '秀山土家族苗族自治县', '秀山', '108.99604', '28.444773', 32, '2019-02-28 17:16:58', '2019-02-28 17:17:05', '', 0);
INSERT INTO `t_sys_area` VALUES (2007, '500242', '500100', '酉阳土家族苗族自治县', '酉阳', '108.767204', '28.839828', 34, '2019-02-28 17:16:58', '2019-02-28 17:17:05', '', 0);
INSERT INTO `t_sys_area` VALUES (2008, '500243', '500100', '彭水苗族土家族自治县', '彭水', '108.16655', '29.293856', 20, '2019-02-28 17:16:58', '2019-02-28 17:17:05', '', 0);
INSERT INTO `t_sys_area` VALUES (2009, '500381', '500100', '江津区', '江津', '106.253159', '29.283386', 14, '2019-02-28 17:16:58', '2019-02-28 17:17:05', '', 0);
INSERT INTO `t_sys_area` VALUES (2010, '500382', '500100', '合川区', '合川', '106.265556', '29.990993', 12, '2019-02-28 17:16:58', '2019-02-28 17:17:05', '', 0);
INSERT INTO `t_sys_area` VALUES (2011, '500383', '500100', '永川区', '永川', '105.894714', '29.348747', 33, '2019-02-28 17:16:58', '2019-02-28 17:17:05', '', 0);
INSERT INTO `t_sys_area` VALUES (2012, '500384', '500100', '南川区', '南川', '107.098152', '29.156647', 19, '2019-02-28 17:16:58', '2019-02-28 17:17:05', '', 0);

-- ----------------------------
-- Table structure for t_sys_city
-- ----------------------------
DROP TABLE IF EXISTS `t_sys_city`;
CREATE TABLE `t_sys_city`  (
  `id` int(11) NOT NULL AUTO_INCREMENT COMMENT '自增列',
  `city_code` varchar(40) CHARACTER SET utf8 COLLATE utf8_general_ci NOT NULL COMMENT '市代码',
  `city_name` varchar(40) CHARACTER SET utf8 COLLATE utf8_general_ci NOT NULL COMMENT '市名称',
  `short_name` varchar(20) CHARACTER SET utf8 COLLATE utf8_general_ci NOT NULL COMMENT '简称',
  `province_code` varchar(40) CHARACTER SET utf8 COLLATE utf8_general_ci NULL DEFAULT NULL COMMENT '省代码',
  `lng` varchar(20) CHARACTER SET utf8 COLLATE utf8_general_ci NULL DEFAULT NULL COMMENT '经度',
  `lat` varchar(20) CHARACTER SET utf8 COLLATE utf8_general_ci NULL DEFAULT NULL COMMENT '纬度',
  `sort` int(6) NULL DEFAULT NULL COMMENT '排序',
  `gmt_create` datetime(0) NULL DEFAULT NULL COMMENT '创建时间',
  `gmt_modified` datetime(0) NULL DEFAULT NULL COMMENT '修改时间',
  `memo` varchar(250) CHARACTER SET utf8 COLLATE utf8_general_ci NULL DEFAULT NULL COMMENT '备注',
  `data_state` int(11) NULL DEFAULT NULL COMMENT '状态',
  PRIMARY KEY (`id`) USING BTREE,
  INDEX `Index_1`(`city_code`) USING BTREE
) ENGINE = InnoDB AUTO_INCREMENT = 256 CHARACTER SET = utf8 COLLATE = utf8_general_ci COMMENT = '城市设置' ROW_FORMAT = Dynamic;

-- ----------------------------
-- Records of t_sys_city
-- ----------------------------
INSERT INTO `t_sys_city` VALUES (255, '500100', '重庆市', '重庆', '500000', '106.504959', '29.533155', 1, '2019-02-28 17:16:58', '2019-02-28 17:17:05', '', 0);

-- ----------------------------
-- Table structure for t_sys_datas
-- ----------------------------
DROP TABLE IF EXISTS `t_sys_datas`;
CREATE TABLE `t_sys_datas`  (
  `id` varchar(255) CHARACTER SET utf8 COLLATE utf8_bin NOT NULL COMMENT '主键',
  `file_path` varchar(255) CHARACTER SET utf8 COLLATE utf8_bin NULL DEFAULT NULL COMMENT '文件地址',
  `file_absolute_path` varchar(255) CHARACTER SET utf8 COLLATE utf8_bin NULL DEFAULT NULL COMMENT '绝对路径',
  `file_suffix` varchar(255) CHARACTER SET utf8 COLLATE utf8_bin NULL DEFAULT NULL COMMENT '后缀',
  `file_type` varchar(255) CHARACTER SET utf8 COLLATE utf8_bin NULL DEFAULT NULL COMMENT 'Y 项目目录，N盘符目录',
  PRIMARY KEY (`id`) USING BTREE
) ENGINE = InnoDB CHARACTER SET = utf8 COLLATE = utf8_bin COMMENT = '文件表存储表' ROW_FORMAT = Dynamic;

-- ----------------------------
-- Records of t_sys_datas
-- ----------------------------
INSERT INTO `t_sys_datas` VALUES ('429674403882733568', 'static/file_upload/218be0e66289829b748e4f4b69ee3e5b.jpg', 'D:/v2file/218be0e66289829b748e4f4b69ee3e5b.jpg', '.jpg', 'N');
INSERT INTO `t_sys_datas` VALUES ('456734735738212352', 'static/file_upload/cef71b6a099e20ecfcf7bccfe2301713.jpg', 'D:/v2file/cef71b6a099e20ecfcf7bccfe2301713.jpg', '.jpg', 'N');
INSERT INTO `t_sys_datas` VALUES ('456734855670140928', 'static/file_upload/64259962e6e4292a7a3cf27cf2d81713.jpg', 'D:/v2file/64259962e6e4292a7a3cf27cf2d81713.jpg', '.jpg', 'N');

-- ----------------------------
-- Table structure for t_sys_department
-- ----------------------------
DROP TABLE IF EXISTS `t_sys_department`;
CREATE TABLE `t_sys_department`  (
  `id` int(11) NOT NULL AUTO_INCREMENT COMMENT 'id',
  `parent_id` varchar(255) CHARACTER SET utf8 COLLATE utf8_general_ci NULL DEFAULT NULL COMMENT '父id',
  `dept_name` varchar(255) CHARACTER SET utf8 COLLATE utf8_general_ci NULL DEFAULT NULL COMMENT '部门名称',
  `leader` varchar(255) CHARACTER SET utf8 COLLATE utf8_general_ci NULL DEFAULT NULL COMMENT '部门负责人',
  `phone` varchar(255) CHARACTER SET utf8 COLLATE utf8_general_ci NULL DEFAULT NULL COMMENT '电话',
  `email` varchar(255) CHARACTER SET utf8 COLLATE utf8_general_ci NULL DEFAULT NULL COMMENT '邮箱',
  `status` int(255) NULL DEFAULT NULL COMMENT '状态',
  `order_num` int(11) NULL DEFAULT NULL COMMENT '排序',
  PRIMARY KEY (`id`) USING BTREE
) ENGINE = InnoDB AUTO_INCREMENT = 7 CHARACTER SET = utf8 COLLATE = utf8_general_ci COMMENT = '部门表' ROW_FORMAT = Dynamic;

-- ----------------------------
-- Records of t_sys_department
-- ----------------------------
INSERT INTO `t_sys_department` VALUES (1, '0', 'v2', 'v2', '13012345678', 'v2@qq.com', 1, 1);
INSERT INTO `t_sys_department` VALUES (2, '1', '技术部门', 'x某某', '13012345678', 'v2@qq.com', 1, 2);
INSERT INTO `t_sys_department` VALUES (3, '1', '人事部门', 'a某某', '13012345678', 'v2@qq.com', 1, 3);
INSERT INTO `t_sys_department` VALUES (4, '2', '开发一小组', 'b某某', '13012345678', 'v2@qq.com', 1, 4);
INSERT INTO `t_sys_department` VALUES (5, '3', '销售部门', 'd某某', '13012345678', 'v2@qq.com', 1, 5);
INSERT INTO `t_sys_department` VALUES (6, '5', '销售一组', 'e某某', '13012345678', 'v2@qq.com', 1, 6);

-- ----------------------------
-- Table structure for t_sys_dict_data
-- ----------------------------
DROP TABLE IF EXISTS `t_sys_dict_data`;
CREATE TABLE `t_sys_dict_data`  (
  `id` varchar(255) CHARACTER SET utf8 COLLATE utf8_general_ci NOT NULL COMMENT '主键',
  `dict_sort` int(4) NULL DEFAULT 0 COMMENT '字典排序',
  `dict_label` varchar(100) CHARACTER SET utf8 COLLATE utf8_general_ci NULL DEFAULT '' COMMENT '字典标签',
  `dict_value` varchar(100) CHARACTER SET utf8 COLLATE utf8_general_ci NULL DEFAULT '' COMMENT '字典键值',
  `dict_type` varchar(100) CHARACTER SET utf8 COLLATE utf8_general_ci NULL DEFAULT '' COMMENT '字典类型',
  `css_class` varchar(100) CHARACTER SET utf8 COLLATE utf8_general_ci NULL DEFAULT '' COMMENT '样式属性（其他样式扩展）',
  `list_class` varchar(100) CHARACTER SET utf8 COLLATE utf8_general_ci NULL DEFAULT '' COMMENT '表格回显样式',
  `is_default` char(1) CHARACTER SET utf8 COLLATE utf8_general_ci NULL DEFAULT 'N' COMMENT '是否默认（Y是 N否）',
  `status` char(1) CHARACTER SET utf8 COLLATE utf8_general_ci NULL DEFAULT '0' COMMENT '状态（0正常 1停用）',
  `create_by` varchar(64) CHARACTER SET utf8 COLLATE utf8_general_ci NULL DEFAULT '' COMMENT '创建者',
  `create_time` datetime(0) NULL DEFAULT NULL COMMENT '创建时间',
  `update_by` varchar(64) CHARACTER SET utf8 COLLATE utf8_general_ci NULL DEFAULT '' COMMENT '更新者',
  `update_time` datetime(0) NULL DEFAULT NULL COMMENT '更新时间',
  `remark` varchar(500) CHARACTER SET utf8 COLLATE utf8_general_ci NULL DEFAULT '' COMMENT '备注',
  PRIMARY KEY (`id`) USING BTREE
) ENGINE = InnoDB CHARACTER SET = utf8 COLLATE = utf8_general_ci COMMENT = '字典数据表' ROW_FORMAT = Dynamic;

-- ----------------------------
-- Records of t_sys_dict_data
-- ----------------------------
INSERT INTO `t_sys_dict_data` VALUES ('331043380933038080', 1, '一般', '1', 'sys_notice_type', '', 'info', 'Y', '0', 'admin', '2019-09-09 22:15:03', 'admin', '2019-09-09 22:15:43', '');
INSERT INTO `t_sys_dict_data` VALUES ('331043525137403904', 2, '重要', '2', 'sys_notice_type', '', 'important', 'N', '0', 'admin', '2019-09-09 22:15:37', 'admin', '2019-09-11 00:30:04', '');
INSERT INTO `t_sys_dict_data` VALUES ('340080322395901952', 1, '开启', '0', 'sys_province_state', '', 'info', 'Y', '0', 'admin', '2019-10-04 20:44:37', 'admin', '2019-10-04 20:46:41', '');
INSERT INTO `t_sys_dict_data` VALUES ('340080779201744896', 2, '关闭', '-1', 'sys_province_state', '', 'important', 'Y', '0', 'admin', '2019-10-04 20:46:26', 'admin', '2019-10-04 20:46:45', '');
INSERT INTO `t_sys_dict_data` VALUES ('373494384659927040', 0, 'GET请求', '1', 'sys_inter_url_type', '', 'primary', 'Y', '0', 'admin', '2020-01-05 01:40:11', 'admin', '2020-03-29 23:23:58', '');
INSERT INTO `t_sys_dict_data` VALUES ('373494483465146368', 1, 'POST请求', '2', 'sys_inter_url_type', '', 'info', 'Y', '0', 'admin', '2020-01-05 01:40:34', 'admin', '2020-03-29 23:23:25', '');

-- ----------------------------
-- Table structure for t_sys_dict_type
-- ----------------------------
DROP TABLE IF EXISTS `t_sys_dict_type`;
CREATE TABLE `t_sys_dict_type`  (
  `id` varchar(255) CHARACTER SET utf8 COLLATE utf8_general_ci NOT NULL COMMENT '主键',
  `dict_name` varchar(100) CHARACTER SET utf8 COLLATE utf8_general_ci NULL DEFAULT '' COMMENT '字典名称',
  `dict_type` varchar(100) CHARACTER SET utf8 COLLATE utf8_general_ci NULL DEFAULT '' COMMENT '字典类型',
  `status` char(1) CHARACTER SET utf8 COLLATE utf8_general_ci NULL DEFAULT '0' COMMENT '状态（0正常 1停用）',
  `create_by` varchar(64) CHARACTER SET utf8 COLLATE utf8_general_ci NULL DEFAULT '' COMMENT '创建者',
  `create_time` datetime(0) NULL DEFAULT NULL COMMENT '创建时间',
  `update_by` varchar(64) CHARACTER SET utf8 COLLATE utf8_general_ci NULL DEFAULT '' COMMENT '更新者',
  `update_time` datetime(0) NULL DEFAULT NULL COMMENT '更新时间',
  `remark` varchar(500) CHARACTER SET utf8 COLLATE utf8_general_ci NULL DEFAULT '' COMMENT '备注',
  PRIMARY KEY (`id`) USING BTREE,
  UNIQUE INDEX `dict_type`(`dict_type`) USING BTREE
) ENGINE = InnoDB CHARACTER SET = utf8 COLLATE = utf8_general_ci COMMENT = '字典类型表' ROW_FORMAT = Dynamic;

-- ----------------------------
-- Records of t_sys_dict_type
-- ----------------------------
INSERT INTO `t_sys_dict_type` VALUES ('340079827459641344', '省份状态', 'sys_province_state', '0', 'admin', '2019-10-04 20:42:39', '', '2019-10-04 20:42:39', '省份状态');
INSERT INTO `t_sys_dict_type` VALUES ('373493952487231488', '拦截器类型', 'sys_inter_url_type', '0', 'admin', '2020-01-05 01:38:28', 'admin', '2020-03-29 23:23:43', '拦截器类型');
INSERT INTO `t_sys_dict_type` VALUES ('6', '通知类型', 'sys_notice_type', '0', 'admin', '2018-03-16 11:33:00', 'admin', '2019-09-15 00:29:19', '通知类型列表');

-- ----------------------------
-- Table structure for t_sys_email
-- ----------------------------
DROP TABLE IF EXISTS `t_sys_email`;
CREATE TABLE `t_sys_email`  (
  `id` varchar(255) CHARACTER SET utf8 COLLATE utf8_bin NOT NULL COMMENT '主键',
  `receivers_email` varchar(255) CHARACTER SET utf8 COLLATE utf8_bin NULL DEFAULT NULL COMMENT '接收人电子邮件',
  `title` varchar(255) CHARACTER SET utf8 COLLATE utf8_bin NULL DEFAULT NULL COMMENT '邮件标题',
  `content` text CHARACTER SET utf8 COLLATE utf8_bin NULL COMMENT '内容',
  `send_user_id` varchar(255) CHARACTER SET utf8 COLLATE utf8_bin NULL DEFAULT NULL COMMENT '发送人id',
  `send_user_name` varchar(255) CHARACTER SET utf8 COLLATE utf8_bin NULL DEFAULT NULL COMMENT '发送人账号',
  `create_time` datetime(0) NULL DEFAULT NULL COMMENT '创建时间',
  PRIMARY KEY (`id`) USING BTREE
) ENGINE = InnoDB CHARACTER SET = utf8 COLLATE = utf8_bin COMMENT = '电子邮件' ROW_FORMAT = Dynamic;

-- ----------------------------
-- Records of t_sys_email
-- ----------------------------
INSERT INTO `t_sys_email` VALUES ('595001021625794560', '87766867@qq.com', 'springbootv2测试邮件', '<p>测试测测测</p>', '1', 'admin', '2019-06-30 21:21:38');

-- ----------------------------
-- Table structure for t_sys_file
-- ----------------------------
DROP TABLE IF EXISTS `t_sys_file`;
CREATE TABLE `t_sys_file`  (
  `id` varchar(255) CHARACTER SET utf8 COLLATE utf8_bin NOT NULL COMMENT '主键',
  `file_name` varchar(255) CHARACTER SET utf8 COLLATE utf8_bin NULL DEFAULT NULL COMMENT '图片名字',
  `create_user_id` varchar(255) CHARACTER SET utf8 COLLATE utf8_bin NULL DEFAULT NULL COMMENT '创建人id',
  `create_user_name` varchar(255) CHARACTER SET utf8 COLLATE utf8_bin NULL DEFAULT NULL COMMENT '创建人名字',
  `create_time` datetime(0) NULL DEFAULT NULL COMMENT '创建时间',
  `update_user_id` varchar(255) CHARACTER SET utf8 COLLATE utf8_bin NULL DEFAULT NULL COMMENT '修改人',
  `update_user_name` varchar(255) CHARACTER SET utf8 COLLATE utf8_bin NULL DEFAULT NULL COMMENT '修改人名字',
  `update_time` datetime(0) NULL DEFAULT NULL COMMENT '修改时间',
  PRIMARY KEY (`id`) USING BTREE
) ENGINE = InnoDB CHARACTER SET = utf8 COLLATE = utf8_bin COMMENT = '文件信息表' ROW_FORMAT = Dynamic;

-- ----------------------------
-- Records of t_sys_file
-- ----------------------------
INSERT INTO `t_sys_file` VALUES ('456734740502941696', '嘻嘻嘻嘻嘻嘻嘻嘻', '1', 'admin', '2020-08-21 18:27:38', NULL, NULL, NULL);
INSERT INTO `t_sys_file` VALUES ('456734858643902464', '烦烦烦', '1', 'admin', '2020-08-21 18:28:06', NULL, NULL, NULL);

-- ----------------------------
-- Table structure for t_sys_file_data
-- ----------------------------
DROP TABLE IF EXISTS `t_sys_file_data`;
CREATE TABLE `t_sys_file_data`  (
  `id` varchar(255) CHARACTER SET utf8 COLLATE utf8_bin NOT NULL COMMENT '主键',
  `data_id` varchar(255) CHARACTER SET utf8 COLLATE utf8_bin NULL DEFAULT NULL COMMENT '数据id',
  `file_id` varchar(255) CHARACTER SET utf8 COLLATE utf8_bin NULL DEFAULT '文件id' COMMENT '文件id',
  PRIMARY KEY (`id`) USING BTREE
) ENGINE = InnoDB CHARACTER SET = utf8 COLLATE = utf8_bin COMMENT = '文件数据外键绑定表' ROW_FORMAT = Dynamic;

-- ----------------------------
-- Records of t_sys_file_data
-- ----------------------------
INSERT INTO `t_sys_file_data` VALUES ('456734740502941697', '456734735738212352', '456734740502941696');
INSERT INTO `t_sys_file_data` VALUES ('456734858643902465', '456734855670140928', '456734858643902464');

-- ----------------------------
-- Table structure for t_sys_inter_url
-- ----------------------------
DROP TABLE IF EXISTS `t_sys_inter_url`;
CREATE TABLE `t_sys_inter_url`  (
  `id` varchar(255) CHARACTER SET utf8 COLLATE utf8_general_ci NOT NULL COMMENT '主键',
  `inter_name` varchar(255) CHARACTER SET utf8 COLLATE utf8_general_ci NULL DEFAULT NULL COMMENT '拦截名称',
  `url` varchar(255) CHARACTER SET utf8 COLLATE utf8_general_ci NULL DEFAULT NULL COMMENT '拦截url',
  `type` int(2) NULL DEFAULT NULL COMMENT '类型',
  PRIMARY KEY (`id`) USING BTREE
) ENGINE = InnoDB CHARACTER SET = utf8 COLLATE = utf8_general_ci COMMENT = '拦截url表' ROW_FORMAT = Dynamic;

-- ----------------------------
-- Records of t_sys_inter_url
-- ----------------------------
INSERT INTO `t_sys_inter_url` VALUES ('373496755515428864', '用户添加', '/UserController/add', 2);
INSERT INTO `t_sys_inter_url` VALUES ('373497670557372416', '用户删除', '/UserController/remove', 2);
INSERT INTO `t_sys_inter_url` VALUES ('373497840930000896', '用户修改', '/UserController/edit', 2);
INSERT INTO `t_sys_inter_url` VALUES ('373497897913815040', '用户修改密码', '/UserController/editPwd', 2);
INSERT INTO `t_sys_inter_url` VALUES ('373498025491959808', '自动生成添加', '/autoCodeController/addGlobal', 2);
INSERT INTO `t_sys_inter_url` VALUES ('373498096644132864', '自动生成保存', '/autoCodeController/saveOne', 2);
INSERT INTO `t_sys_inter_url` VALUES ('373498292627181568', '字典表添加', '/DictDataController/add', 2);
INSERT INTO `t_sys_inter_url` VALUES ('373498349552275456', '字典表删除', '/DictDataController/remove', 2);
INSERT INTO `t_sys_inter_url` VALUES ('373498496684265472', '字典表修改', '/DictDataController/edit', 2);
INSERT INTO `t_sys_inter_url` VALUES ('373498567521865728', '字典表类型添加', '/DictTypeController/add', 2);
INSERT INTO `t_sys_inter_url` VALUES ('373498625474564096', '字典表类型删除', '/DictTypeController/remove', 2);
INSERT INTO `t_sys_inter_url` VALUES ('373498715475939328', '字典表类型修改', '/DictTypeController/edit', 2);
INSERT INTO `t_sys_inter_url` VALUES ('373498811429031936', '邮箱添加', '/EmailController/add', 2);
INSERT INTO `t_sys_inter_url` VALUES ('373498868127633408', '邮箱修改', '/EmailController/edit', 2);
INSERT INTO `t_sys_inter_url` VALUES ('373498918975180800', '邮箱删除', '/EmailController/remove', 2);
INSERT INTO `t_sys_inter_url` VALUES ('373498988751622144', '文件上传', '/FileController/upload', 2);
INSERT INTO `t_sys_inter_url` VALUES ('373499051250946048', '文件上传添加', '/FileController/add', 2);
INSERT INTO `t_sys_inter_url` VALUES ('373499108104736768', '文件上传删除', '/FileController/remove', 2);
INSERT INTO `t_sys_inter_url` VALUES ('373499205047685120', '文件上传删除2', '/FileController/del_file', 2);
INSERT INTO `t_sys_inter_url` VALUES ('373499263713415168', '文件上传修改', '/FileController/edit', 2);
INSERT INTO `t_sys_inter_url` VALUES ('373499326967713792', '日志删除', '/LogController/remove', 2);
INSERT INTO `t_sys_inter_url` VALUES ('373499404776247296', '权限添加', '/PermissionController/add', 2);
INSERT INTO `t_sys_inter_url` VALUES ('373499452364820480', '权限删除', '/PermissionController/remove', 2);
INSERT INTO `t_sys_inter_url` VALUES ('373499526859853824', '权限修改', '/PermissionController/edit', 2);
INSERT INTO `t_sys_inter_url` VALUES ('373499613015052288', '定时器添加', '/SysQuartzJobController/add', 2);
INSERT INTO `t_sys_inter_url` VALUES ('373499677636694016', '定时器删除', '/SysQuartzJobController/remove', 2);
INSERT INTO `t_sys_inter_url` VALUES ('373499748591734784', '定时器修改', '/SysQuartzJobController/edit', 2);
INSERT INTO `t_sys_inter_url` VALUES ('373499825582379008', '定时器状态切换', '/SysQuartzJobController/changeStatus', 2);
INSERT INTO `t_sys_inter_url` VALUES ('373499894721286144', '定时器启动', '/SysQuartzJobController/run', 2);
INSERT INTO `t_sys_inter_url` VALUES ('373499948769087488', '定时器日志删除', '/SysQuartzJobLogController/remove', 2);
INSERT INTO `t_sys_inter_url` VALUES ('373500039596740608', '角色添加', '/RoleController/add', 2);
INSERT INTO `t_sys_inter_url` VALUES ('373500088284221440', '角色删除', '/RoleController/remove', 2);
INSERT INTO `t_sys_inter_url` VALUES ('373500133054222336', '角色修改', '/RoleController/edit', 2);
INSERT INTO `t_sys_inter_url` VALUES ('373500178268819456', '公告添加', '/SysNoticeController/add', 2);
INSERT INTO `t_sys_inter_url` VALUES ('373500217934352384', '公告删除', '/SysNoticeController/remove', 2);
INSERT INTO `t_sys_inter_url` VALUES ('373500268949671936', '公告展示', '/SysNoticeController/viewinfo', 2);
INSERT INTO `t_sys_inter_url` VALUES ('373500319365206016', '公告修改', '/SysNoticeController/edit', 2);
INSERT INTO `t_sys_inter_url` VALUES ('373500397240848384', '省份添加', '/SysProvinceController/add', 2);
INSERT INTO `t_sys_inter_url` VALUES ('373500437623607296', '省份删除', '/SysProvinceController/remove', 2);
INSERT INTO `t_sys_inter_url` VALUES ('373500524961599488', '省份修改', '/SysProvinceController/edit', 2);
INSERT INTO `t_sys_inter_url` VALUES ('373500569433804800', '地区添加', '/SysAreaController/add', 2);
INSERT INTO `t_sys_inter_url` VALUES ('373500609669763072', '地区删除', '/SysAreaController/remove', 2);
INSERT INTO `t_sys_inter_url` VALUES ('373500648181862400', '地区修改', '/SysAreaController/edit', 2);
INSERT INTO `t_sys_inter_url` VALUES ('373500706268778496', '城市添加', '/SysCityController/add', 2);
INSERT INTO `t_sys_inter_url` VALUES ('373500743581306880', '城市删除', '/SysCityController/remove', 2);
INSERT INTO `t_sys_inter_url` VALUES ('373500781405540352', '城市修改', '/SysCityController/edit', 2);
INSERT INTO `t_sys_inter_url` VALUES ('373500835193294848', '街道添加', '/SysStreetController/add', 2);
INSERT INTO `t_sys_inter_url` VALUES ('373500877971001344', '街道删除', '/SysStreetController/remove', 2);
INSERT INTO `t_sys_inter_url` VALUES ('373500915308695552', '街道修改', '/SysStreetController/edit', 2);
INSERT INTO `t_sys_inter_url` VALUES ('373501029066608640', '百度编辑器添加', '/UeditorController/ueditor', 2);
INSERT INTO `t_sys_inter_url` VALUES ('373501103570030592', '百度编辑器', '/UeditorController/', 2);
INSERT INTO `t_sys_inter_url` VALUES ('373501147362758656', '百度编辑器上传', '/UeditorController/imgUpload', 2);
INSERT INTO `t_sys_inter_url` VALUES ('373501199686701056', '七牛文件上传', '/QiNiuCloudController/uploadToQiNiu', 2);
INSERT INTO `t_sys_inter_url` VALUES ('373501333854097408', '定时器停止', '/quartz/stop', 1);
INSERT INTO `t_sys_inter_url` VALUES ('373501434756468736', '定时器继续', '/quartz/resume', 1);
INSERT INTO `t_sys_inter_url` VALUES ('373501545595146240', '定时器状态修改', '/quartz/update', 1);
INSERT INTO `t_sys_inter_url` VALUES ('373501599198351360', '定时器删除2', '/quartz/delete', 1);
INSERT INTO `t_sys_inter_url` VALUES ('411485475971403776', '岗位添加', '/SysPositionController/add', 2);
INSERT INTO `t_sys_inter_url` VALUES ('411490182756438016', '岗位删除', '/SysPositionController/remove', 2);
INSERT INTO `t_sys_inter_url` VALUES ('411490841580933120', '岗位修改', '/SysPositionController/edit', 2);
INSERT INTO `t_sys_inter_url` VALUES ('411492914938646528', '部门添加', '/SysDepartmentController/add', 2);
INSERT INTO `t_sys_inter_url` VALUES ('411493078512308224', '部门删除', '/SysDepartmentController/remove', 2);
INSERT INTO `t_sys_inter_url` VALUES ('411494526608347136', '部门修改', '/SysDepartmentController/edit', 2);
INSERT INTO `t_sys_inter_url` VALUES ('411495018801532928', '拦截器新增', '/SysInterUrlController/add', 2);
INSERT INTO `t_sys_inter_url` VALUES ('411495038321823744', '拦截器复制', '/SysInterUrlController/copy', 1);
INSERT INTO `t_sys_inter_url` VALUES ('411495141359095808', '拦截器删除', '/SysInterUrlController/remove', 2);
INSERT INTO `t_sys_inter_url` VALUES ('411495220283314176', '拦截器修改', '/SysInterUrlController/edit', 2);

-- ----------------------------
-- Table structure for t_sys_notice
-- ----------------------------
DROP TABLE IF EXISTS `t_sys_notice`;
CREATE TABLE `t_sys_notice`  (
  `id` varchar(100) CHARACTER SET utf8 COLLATE utf8_bin NOT NULL COMMENT '主键',
  `title` varchar(255) CHARACTER SET utf8 COLLATE utf8_general_ci NULL DEFAULT NULL COMMENT '标题',
  `content` varchar(1000) CHARACTER SET utf8 COLLATE utf8_bin NULL DEFAULT NULL COMMENT '内容',
  `type` int(5) NULL DEFAULT NULL COMMENT '类型',
  `create_id` varchar(255) CHARACTER SET utf8 COLLATE utf8_general_ci NULL DEFAULT NULL COMMENT '创建人id',
  `create_username` varchar(255) CHARACTER SET utf8 COLLATE utf8_bin NULL DEFAULT NULL COMMENT '创建人name',
  `create_time` datetime(0) NULL DEFAULT NULL COMMENT '发信时间',
  PRIMARY KEY (`id`) USING BTREE
) ENGINE = InnoDB CHARACTER SET = utf8 COLLATE = utf8_general_ci COMMENT = '公告' ROW_FORMAT = Dynamic;

-- ----------------------------
-- Records of t_sys_notice
-- ----------------------------
INSERT INTO `t_sys_notice` VALUES ('330381411007729664', '测试公告', '<p>啊啊啊<img src=\"http://img.baidu.com/hi/jx2/j_0002.gif\"/><img src=\"http://img.baidu.com/hi/jx2/j_0024.gif\"/></p>', 1, '1', 'admin', '2019-09-08 02:24:37');
INSERT INTO `t_sys_notice` VALUES ('330381806358630400', '鲜花视频', '<p>哈哈哈哈<img src=\"http://img.baidu.com/hi/jx2/j_0024.gif\"/></p>', 2, '1', 'admin', '2019-09-08 02:26:11');
INSERT INTO `t_sys_notice` VALUES ('373478036928073728', '顶顶顶顶顶顶顶顶顶', '<p>顶顶顶顶顶顶顶顶顶顶<img src=\"http://img.baidu.com/hi/jx2/j_0014.gif\"/></p>', 1, '1', 'admin', '2020-01-05 00:35:13');

-- ----------------------------
-- Table structure for t_sys_notice_user
-- ----------------------------
DROP TABLE IF EXISTS `t_sys_notice_user`;
CREATE TABLE `t_sys_notice_user`  (
  `id` varchar(255) CHARACTER SET utf8 COLLATE utf8_general_ci NOT NULL COMMENT '主键',
  `notice_id` varchar(255) CHARACTER SET utf8 COLLATE utf8_general_ci NULL DEFAULT NULL COMMENT '公告id',
  `user_id` varchar(255) CHARACTER SET utf8 COLLATE utf8_general_ci NULL DEFAULT NULL COMMENT '用户id',
  `state` int(2) NULL DEFAULT NULL COMMENT '0未阅读 1 阅读',
  PRIMARY KEY (`id`) USING BTREE
) ENGINE = InnoDB CHARACTER SET = utf8 COLLATE = utf8_general_ci COMMENT = '公告_用户外键' ROW_FORMAT = Dynamic;

-- ----------------------------
-- Records of t_sys_notice_user
-- ----------------------------
INSERT INTO `t_sys_notice_user` VALUES ('330381411037089792', '330381411007729664', '1', 1);
INSERT INTO `t_sys_notice_user` VALUES ('330381411045478400', '330381411007729664', '488294747442511872', 0);
INSERT INTO `t_sys_notice_user` VALUES ('330381806375407616', '330381806358630400', '1', 1);
INSERT INTO `t_sys_notice_user` VALUES ('330381806379601920', '330381806358630400', '488294747442511872', 0);
INSERT INTO `t_sys_notice_user` VALUES ('330622143622680576', '330622143597514752', '1', 1);
INSERT INTO `t_sys_notice_user` VALUES ('330622143626874880', '330622143597514752', '488294747442511872', 0);
INSERT INTO `t_sys_notice_user` VALUES ('354984345649418240', '354984345632641024', '1', 1);
INSERT INTO `t_sys_notice_user` VALUES ('373478037158760448', '373478036928073728', '1', 1);
INSERT INTO `t_sys_notice_user` VALUES ('373478037162954752', '373478036928073728', '368026921239449600', 0);
INSERT INTO `t_sys_notice_user` VALUES ('373478037171343360', '373478036928073728', '368026937181999104', 0);
INSERT INTO `t_sys_notice_user` VALUES ('373478037175537664', '373478036928073728', '368027013392502784', 0);
INSERT INTO `t_sys_notice_user` VALUES ('373478037183926272', '373478036928073728', '368027030899527680', 0);
INSERT INTO `t_sys_notice_user` VALUES ('373478037192314880', '373478036928073728', '368027048402358272', 0);
INSERT INTO `t_sys_notice_user` VALUES ('373478037204897792', '373478036928073728', '368027066563694592', 0);
INSERT INTO `t_sys_notice_user` VALUES ('373478037213286400', '373478036928073728', '368027087866564608', 0);
INSERT INTO `t_sys_notice_user` VALUES ('373478037217480704', '373478036928073728', '368027104895438848', 0);
INSERT INTO `t_sys_notice_user` VALUES ('373478037225869312', '373478036928073728', '368027130728157184', 0);
INSERT INTO `t_sys_notice_user` VALUES ('373478037230063616', '373478036928073728', '368027151624179712', 0);
INSERT INTO `t_sys_notice_user` VALUES ('373478037238452224', '373478036928073728', '368382463233363968', 0);

-- ----------------------------
-- Table structure for t_sys_oper_log
-- ----------------------------
DROP TABLE IF EXISTS `t_sys_oper_log`;
CREATE TABLE `t_sys_oper_log`  (
  `id` varchar(255) CHARACTER SET utf8 COLLATE utf8_bin NOT NULL,
  `title` varchar(255) CHARACTER SET utf8 COLLATE utf8_bin NULL DEFAULT NULL COMMENT '标题',
  `method` varchar(255) CHARACTER SET utf8 COLLATE utf8_bin NULL DEFAULT NULL COMMENT '方法',
  `oper_name` varchar(255) CHARACTER SET utf8 COLLATE utf8_bin NULL DEFAULT NULL COMMENT '操作人',
  `oper_url` varchar(255) CHARACTER SET utf8 COLLATE utf8_bin NULL DEFAULT NULL COMMENT 'url',
  `oper_param` varchar(255) CHARACTER SET utf8 COLLATE utf8_bin NULL DEFAULT NULL COMMENT '参数',
  `error_msg` varchar(255) CHARACTER SET utf8 COLLATE utf8_bin NULL DEFAULT NULL,
  `oper_time` date NULL DEFAULT NULL COMMENT '操作时间',
  PRIMARY KEY (`id`) USING BTREE
) ENGINE = InnoDB CHARACTER SET = utf8 COLLATE = utf8_bin COMMENT = '日志记录表' ROW_FORMAT = Dynamic;

-- ----------------------------
-- Records of t_sys_oper_log
-- ----------------------------
INSERT INTO `t_sys_oper_log` VALUES ('353711021405376512', '用户新增', 'com.fc.test.controller.admin.UserController.add()', 'admin', '/UserController/add', '{\"username\":[\"admin1111\"],\"password\":[\"admin11111111111111\"],\"nickname\":[\"111111111111\"],\"roles\":[\"488289006124007424\"]}', NULL, '2019-11-11');
INSERT INTO `t_sys_oper_log` VALUES ('353711251710414848', '用户新增', 'com.fc.test.controller.admin.UserController.add()', 'admin', '/UserController/add', '{\"username\":[\"admin22\"],\"password\":[\"admin22\"],\"nickname\":[\"222\"]}', NULL, '2019-11-11');
INSERT INTO `t_sys_oper_log` VALUES ('353711483206635520', '用户新增', 'com.fc.test.controller.admin.UserController.add()', 'admin', '/UserController/add', '{\"username\":[\"admin1111111111111\"],\"password\":[\"admin1111111111111\"],\"nickname\":[\"111\"]}', NULL, '2019-11-11');
INSERT INTO `t_sys_oper_log` VALUES ('353890395106709504', '用户新增', 'com.fc.test.controller.admin.UserController.add()', 'admin', '/springboot_v2/UserController/add', '{\"username\":[\"admin2\"],\"password\":[\"admin2\"],\"nickname\":[\"2\"]}', NULL, '2019-11-11');
INSERT INTO `t_sys_oper_log` VALUES ('354984005894017024', '用户新增', 'com.fc.test.controller.admin.UserController.add()', 'admin', '/UserController/add', '{\"username\":[\"admin22\"],\"password\":[\"admin22\"],\"nickname\":[\"222\"],\"roles\":[\"488243256161730560\"]}', NULL, '2019-11-14');
INSERT INTO `t_sys_oper_log` VALUES ('354988722611163136', '用户新增', 'com.fc.test.controller.admin.UserController.add()', 'admin', '/UserController/add', '{\"username\":[\"admin222\"],\"password\":[\"admin22\"],\"nickname\":[\"22222\"],\"roles\":[\"488243256161730560\"]}', NULL, '2019-11-15');
INSERT INTO `t_sys_oper_log` VALUES ('354989789822455808', '用户新增', 'com.fc.test.controller.admin.UserController.add()', 'admin', '/UserController/add', '{\"username\":[\"admin33\"],\"password\":[\"admin33\"],\"nickname\":[\"333\"],\"roles\":[\"488305788310257664\"]}', NULL, '2019-11-15');
INSERT INTO `t_sys_oper_log` VALUES ('368026921411416064', '用户新增', 'com.fc.test.controller.admin.UserController.add()', 'admin', '/UserController/add', '{\"username\":[\"admin1\"],\"password\":[\"admin1\"],\"nickname\":[\"\"]}', NULL, '2019-12-20');
INSERT INTO `t_sys_oper_log` VALUES ('368026937215553536', '用户新增', 'com.fc.test.controller.admin.UserController.add()', 'admin', '/UserController/add', '{\"username\":[\"admin2\"],\"password\":[\"admin2\"],\"nickname\":[\"\"]}', NULL, '2019-12-20');
INSERT INTO `t_sys_oper_log` VALUES ('368026972204437504', '用户新增', 'com.fc.test.controller.admin.UserController.add()', 'admin', '/UserController/add', '{\"username\":[\"33333\"],\"password\":[\"3333333\"],\"nickname\":[\"333\"]}', NULL, '2019-12-20');
INSERT INTO `t_sys_oper_log` VALUES ('368027013421862912', '用户新增', 'com.fc.test.controller.admin.UserController.add()', 'admin', '/UserController/add', '{\"username\":[\"44\"],\"password\":[\"444444\"],\"nickname\":[\"444\"]}', NULL, '2019-12-20');
INSERT INTO `t_sys_oper_log` VALUES ('368027030928887808', '用户新增', 'com.fc.test.controller.admin.UserController.add()', 'admin', '/UserController/add', '{\"username\":[\"5555555\"],\"password\":[\"555555555555\"],\"nickname\":[\"5555555555555\"]}', NULL, '2019-12-20');
INSERT INTO `t_sys_oper_log` VALUES ('368027048427524096', '用户新增', 'com.fc.test.controller.admin.UserController.add()', 'admin', '/UserController/add', '{\"username\":[\"66\"],\"password\":[\"666666666\"],\"nickname\":[\"6666666666\"]}', NULL, '2019-12-20');
INSERT INTO `t_sys_oper_log` VALUES ('368027066593054720', '用户新增', 'com.fc.test.controller.admin.UserController.add()', 'admin', '/UserController/add', '{\"username\":[\"2222\"],\"password\":[\"222222222\"],\"nickname\":[\"2222222222222222\"]}', NULL, '2019-12-20');
INSERT INTO `t_sys_oper_log` VALUES ('368027087887536128', '用户新增', 'com.fc.test.controller.admin.UserController.add()', 'admin', '/UserController/add', '{\"username\":[\"4444\"],\"password\":[\"44444444444444\"],\"nickname\":[\"44444444444\"]}', NULL, '2019-12-20');
INSERT INTO `t_sys_oper_log` VALUES ('368027104924798976', '用户新增', 'com.fc.test.controller.admin.UserController.add()', 'admin', '/UserController/add', '{\"username\":[\"5555\"],\"password\":[\"55555555555555\"],\"nickname\":[\"555555555555\"]}', NULL, '2019-12-20');
INSERT INTO `t_sys_oper_log` VALUES ('368027130757517312', '用户新增', 'com.fc.test.controller.admin.UserController.add()', 'admin', '/UserController/add', '{\"username\":[\"666\"],\"password\":[\"66666666666\"],\"nickname\":[\"666666666\"]}', NULL, '2019-12-20');
INSERT INTO `t_sys_oper_log` VALUES ('368027151649345536', '用户新增', 'com.fc.test.controller.admin.UserController.add()', 'admin', '/UserController/add', '{\"username\":[\"33333333333333\"],\"password\":[\"333333333333\"],\"nickname\":[\"33333333333333\"]}', NULL, '2019-12-20');
INSERT INTO `t_sys_oper_log` VALUES ('368382463388553216', '用户新增', 'com.fc.test.controller.admin.UserController.add()', 'admin', '/UserController/add', '{\"username\":[\"adminpppoooo\"],\"password\":[\"adminppp\"],\"nickname\":[\"pppppppppp\"]}', NULL, '2019-12-21');
INSERT INTO `t_sys_oper_log` VALUES ('433236479515430912', '用户新增', 'com.fc.test.controller.admin.UserController.add()', 'admin', '/UserController/add', '{\"username\":[\"fuce\"],\"password\":[\"111111\"],\"nickname\":[\"fuce\"]}', NULL, '2020-06-17');
INSERT INTO `t_sys_oper_log` VALUES ('495560243967823872', '用户新增', 'com.fc.test.controller.admin.UserController.add()', 'admin', '/UserController/add', '{\"username\":[\"手动阀手动阀\"],\"password\":[\"123456\"],\"nickname\":[\"手动阀手动阀\"],\"depId\":[\"3\"],\"positionId\":[\"411477874382606336\"]}', NULL, '2020-12-06');
INSERT INTO `t_sys_oper_log` VALUES ('495570972590608384', '用户新增', 'com.fc.test.controller.admin.UserController.add()', 'admin', '/UserController/add', '{\"username\":[\"何平\"],\"password\":[\"111111\"],\"nickname\":[\"手动阀手动阀\"],\"depId\":[\"4\"],\"posId\":[\"410792443127140352\"]}', NULL, '2020-12-06');

-- ----------------------------
-- Table structure for t_sys_permission
-- ----------------------------
DROP TABLE IF EXISTS `t_sys_permission`;
CREATE TABLE `t_sys_permission`  (
  `id` varchar(255) CHARACTER SET utf8 COLLATE utf8_general_ci NOT NULL COMMENT 'id',
  `name` varchar(255) CHARACTER SET utf8 COLLATE utf8_general_ci NULL DEFAULT NULL COMMENT '权限名称',
  `descripion` varchar(255) CHARACTER SET utf8 COLLATE utf8_general_ci NULL DEFAULT NULL COMMENT '权限描述',
  `url` varchar(255) CHARACTER SET utf8 COLLATE utf8_general_ci NULL DEFAULT NULL COMMENT '授权链接',
  `is_blank` int(255) NULL DEFAULT 0 COMMENT '是否跳转 0 不跳转 1跳转',
  `pid` varchar(255) CHARACTER SET utf8 COLLATE utf8_general_ci NULL DEFAULT NULL COMMENT '父节点id',
  `perms` varchar(255) CHARACTER SET utf8 COLLATE utf8_general_ci NULL DEFAULT NULL COMMENT '权限标识',
  `type` int(11) NULL DEFAULT NULL COMMENT '类型   0：目录   1：菜单   2：按钮',
  `icon` varchar(255) CHARACTER SET utf8 COLLATE utf8_general_ci NULL DEFAULT NULL COMMENT '菜单图标',
  `order_num` int(11) NULL DEFAULT NULL COMMENT '排序',
  `visible` int(255) NULL DEFAULT NULL COMMENT '是否可见',
  PRIMARY KEY (`id`) USING BTREE
) ENGINE = InnoDB CHARACTER SET = utf8 COLLATE = utf8_general_ci COMMENT = '权限表' ROW_FORMAT = Dynamic;

-- ----------------------------
-- Records of t_sys_permission
-- ----------------------------
INSERT INTO `t_sys_permission` VALUES ('1', '首页', '首页', '#', 0, '0', '#', 0, 'fa fa-home', 1, 0);
INSERT INTO `t_sys_permission` VALUES ('10', '角色集合', '角色集合', '/RoleController/list', 0, '9', 'system:role:list', 2, '', NULL, 0);
INSERT INTO `t_sys_permission` VALUES ('11', '角色添加', '角色添加', '/RoleController/add', 0, '9', 'system:role:add', 2, 'entypo-plus-squared', NULL, 0);
INSERT INTO `t_sys_permission` VALUES ('12', '角色删除', '角色删除', '/RoleController/remove', 0, '9', 'system:role:remove', 2, 'entypo-trash', NULL, 0);
INSERT INTO `t_sys_permission` VALUES ('13', '角色修改', '角色修改', '/RoleController/edit', 0, '9', 'system:role:edit', 2, 'fa fa-wrench', NULL, 0);
INSERT INTO `t_sys_permission` VALUES ('14', '权限展示', '权限展示', '/PermissionController/view', 0, '411522822607867904', 'system:permission:view', 1, 'fa fa-key', 3, 0);
INSERT INTO `t_sys_permission` VALUES ('15', '权限集合', '权限集合', '/PermissionController/list', 0, '14', 'system:permission:list', 2, '', NULL, 0);
INSERT INTO `t_sys_permission` VALUES ('16', '权限添加', '权限添加', '/permissionController/add', 0, '14', 'system:permission:add', 2, 'entypo-plus-squared', NULL, 0);
INSERT INTO `t_sys_permission` VALUES ('17', '权限删除', '权限删除', '/PermissionController/remove', 0, '14', 'system:permission:remove', 2, 'entypo-trash', NULL, 0);
INSERT INTO `t_sys_permission` VALUES ('18', '权限修改', '权限修改', '/PermissionController/edit', 0, '14', 'system:permission:edit', 2, 'fa fa-wrench', NULL, 0);
INSERT INTO `t_sys_permission` VALUES ('19', '文件管理', '文件管理', '/FileController/view', 0, '592059865673760768', 'system:file:view', 1, 'fa fa-file-image-o', 4, 0);
INSERT INTO `t_sys_permission` VALUES ('20', '文件添加', '文件添加', '/FileController/add', 0, '19', 'system:file:add', 2, 'entypo-plus-squared', NULL, 0);
INSERT INTO `t_sys_permission` VALUES ('21', '文件删除', '文件删除', '/FileController/remove', 0, '19', 'system:file:remove', 2, 'entypo-trash', NULL, 0);
INSERT INTO `t_sys_permission` VALUES ('22', '文件修改', '文件修改', '/FileController/edit', 0, '19', 'system:file:edit', 2, 'fa fa-wrench', NULL, 0);
INSERT INTO `t_sys_permission` VALUES ('23', '文件集合', '文件集合', '/FileController/list', 0, '19', 'system:file:list', 2, '', NULL, 0);
INSERT INTO `t_sys_permission` VALUES ('330365026642825216', '公告管理', '公告展示', '/SysNoticeController/view', 0, '592059865673760768', 'gen:sysNotice:view', 1, 'fa fa-telegram', 10, 0);
INSERT INTO `t_sys_permission` VALUES ('3303650266428252171', '公告集合', '公告集合', '/SysNoticeController/list', 0, '330365026642825216', 'gen:sysNotice:list', 2, '', NULL, 0);
INSERT INTO `t_sys_permission` VALUES ('3303650266428252182', '公告添加', '公告添加', '/SysNoticeController/add', 0, '330365026642825216', 'gen:sysNotice:add', 2, 'entypo-plus-squared', NULL, 0);
INSERT INTO `t_sys_permission` VALUES ('3303650266428252193', '公告删除', '公告删除', '/SysNoticeController/remove', 0, '330365026642825216', 'gen:sysNotice:remove', 2, 'entypo-trash', NULL, 0);
INSERT INTO `t_sys_permission` VALUES ('3303650266428252204', '公告修改', '公告修改', '/SysNoticeController/edit', 0, '330365026642825216', 'gen:sysNotice:edit', 2, 'fa fa-wrench', NULL, 0);
INSERT INTO `t_sys_permission` VALUES ('331778807298134016', '定时器表达式', '', '/quartz/view', 1, '617766548966211584', '#', 1, 'fa fa-flash', 12, 0);
INSERT INTO `t_sys_permission` VALUES ('332157860920299520', '定时任务', '定时任务调度表展示', '/SysQuartzJobController/view', 0, '592059865673760768', 'gen:sysQuartzJob:view', 1, 'fa fa-hourglass-1', 13, 0);
INSERT INTO `t_sys_permission` VALUES ('3321578609202995211', '定时任务调度表集合', '定时任务调度表集合', '/SysQuartzJobController/list', 0, '332157860920299520', 'gen:sysQuartzJob:list', 2, '', NULL, 0);
INSERT INTO `t_sys_permission` VALUES ('3321578609202995222', '定时任务调度表添加', '定时任务调度表添加', '/SysQuartzJobController/add', 0, '332157860920299520', 'gen:sysQuartzJob:add', 2, 'entypo-plus-squared', NULL, 0);
INSERT INTO `t_sys_permission` VALUES ('3321578609202995233', '定时任务调度表删除', '定时任务调度表删除', '/SysQuartzJobController/remove', 0, '332157860920299520', 'gen:sysQuartzJob:remove', 2, 'entypo-trash', NULL, 0);
INSERT INTO `t_sys_permission` VALUES ('3321578609202995244', '定时任务调度表修改', '定时任务调度表修改', '/SysQuartzJobController/edit', 0, '332157860920299520', 'gen:sysQuartzJob:edit', 2, 'fa fa-wrench', NULL, 0);
INSERT INTO `t_sys_permission` VALUES ('332857281479839744', '定时任务日志', '定时任务日志', '/SysQuartzJobLogController/view', 0, '592059865673760768', 'gen:sysQuartzJobLog:view', 1, 'fa fa-database', 14, 0);
INSERT INTO `t_sys_permission` VALUES ('3328572814798397451', '定时任务调度日志表集合', '定时任务调度日志表集合', '/SysQuartzJobLogController/list', 0, '332857281479839744', 'gen:sysQuartzJobLog:list', 2, '', NULL, 0);
INSERT INTO `t_sys_permission` VALUES ('3328572814798397473', '定时任务调度日志表删除', '定时任务调度日志表删除', '/SysQuartzJobLogController/remove', 0, '332857281479839744', 'gen:sysQuartzJobLog:remove', 2, 'entypo-trash', NULL, 0);
INSERT INTO `t_sys_permission` VALUES ('335330315113467904', 'Json工具', 'Json格式化工具', '/Json/view', 1, '617766548966211584', '#', 1, 'fa fa-retweet', 10, 0);
INSERT INTO `t_sys_permission` VALUES ('340066503263129600', '省份设置', '省份设置', NULL, 0, '1', NULL, 0, 'fa fa-building', 4, 0);
INSERT INTO `t_sys_permission` VALUES ('340067579836108800', '省份管理', '', '#', 0, '340066503263129600', '#', 1, 'fa fa-building-o', NULL, 0);
INSERT INTO `t_sys_permission` VALUES ('340068151804956672', '省份表管理', '省份表展示', '/SysProvinceController/view', 0, '340067579836108800', 'gen:sysProvince:view', 1, 'fa fa-quora', 2, 0);
INSERT INTO `t_sys_permission` VALUES ('3400681518049566731', '省份表集合', '省份表集合', '/SysProvinceController/list', 0, '340068151804956672', 'gen:sysProvince:list', 2, '', NULL, 0);
INSERT INTO `t_sys_permission` VALUES ('3400681518049566742', '省份表添加', '省份表添加', '/SysProvinceController/add', 0, '340068151804956672', 'gen:sysProvince:add', 2, 'entypo-plus-squared', NULL, 0);
INSERT INTO `t_sys_permission` VALUES ('3400681518049566753', '省份表删除', '省份表删除', '/SysProvinceController/remove', 0, '340068151804956672', 'gen:sysProvince:remove', 2, 'entypo-trash', NULL, 0);
INSERT INTO `t_sys_permission` VALUES ('3400681518049566764', '省份表修改', '省份表修改', '/SysProvinceController/edit', 0, '340068151804956672', 'gen:sysProvince:edit', 2, 'fa fa-wrench', NULL, 0);
INSERT INTO `t_sys_permission` VALUES ('340088022018166784', '城市表管理', '城市设置展示', '/SysCityController/view', 0, '340067579836108800', 'gen:sysCity:view', 1, 'fa fa-quora', 3, 0);
INSERT INTO `t_sys_permission` VALUES ('3400880220181667851', '城市设置集合', '城市设置集合', '/SysCityController/list', 0, '340088022018166784', 'gen:sysCity:list', 2, '', NULL, 0);
INSERT INTO `t_sys_permission` VALUES ('3400880220181667862', '城市设置添加', '城市设置添加', '/SysCityController/add', 0, '340088022018166784', 'gen:sysCity:add', 2, 'entypo-plus-squared', NULL, 0);
INSERT INTO `t_sys_permission` VALUES ('3400880220181667873', '城市设置删除', '城市设置删除', '/SysCityController/remove', 0, '340088022018166784', 'gen:sysCity:remove', 2, 'entypo-trash', NULL, 0);
INSERT INTO `t_sys_permission` VALUES ('3400880220181667884', '城市设置修改', '城市设置修改', '/SysCityController/edit', 0, '340088022018166784', 'gen:sysCity:edit', 2, 'fa fa-wrench', NULL, 0);
INSERT INTO `t_sys_permission` VALUES ('340096183135506432', '地区设置管理', '地区设置展示', '/SysAreaController/view', 0, '340067579836108800', 'gen:sysArea:view', 1, 'fa fa-quora', 4, 0);
INSERT INTO `t_sys_permission` VALUES ('3400961831355064331', '地区设置集合', '地区设置集合', '/SysAreaController/list', 0, '340096183135506432', 'gen:sysArea:list', 2, '', NULL, 0);
INSERT INTO `t_sys_permission` VALUES ('3400961831355064342', '地区设置添加', '地区设置添加', '/SysAreaController/add', 0, '340096183135506432', 'gen:sysArea:add', 2, 'entypo-plus-squared', NULL, 0);
INSERT INTO `t_sys_permission` VALUES ('3400961831355064353', '地区设置删除', '地区设置删除', '/SysAreaController/remove', 0, '340096183135506432', 'gen:sysArea:remove', 2, 'entypo-trash', NULL, 0);
INSERT INTO `t_sys_permission` VALUES ('3400961831355064364', '地区设置修改', '地区设置修改', '/SysAreaController/edit', 0, '340096183135506432', 'gen:sysArea:edit', 2, 'fa fa-wrench', NULL, 0);
INSERT INTO `t_sys_permission` VALUES ('340127412270534656', '街道设置管理', '街道设置展示', '/SysStreetController/view', 0, '340067579836108800', 'gen:sysStreet:view', 1, 'fa fa-quora', 5, 0);
INSERT INTO `t_sys_permission` VALUES ('3401274122705346571', '街道设置集合', '街道设置集合', '/SysStreetController/list', 0, '340127412270534656', 'gen:sysStreet:list', 2, '', NULL, 0);
INSERT INTO `t_sys_permission` VALUES ('3401274122705346582', '街道设置添加', '街道设置添加', '/SysStreetController/add', 0, '340127412270534656', 'gen:sysStreet:add', 2, 'entypo-plus-squared', NULL, 0);
INSERT INTO `t_sys_permission` VALUES ('3401274122705346593', '街道设置删除', '街道设置删除', '/SysStreetController/remove', 0, '340127412270534656', 'gen:sysStreet:remove', 2, 'entypo-trash', NULL, 0);
INSERT INTO `t_sys_permission` VALUES ('3401274122705346604', '街道设置修改', '街道设置修改', '/SysStreetController/edit', 0, '340127412270534656', 'gen:sysStreet:edit', 2, 'fa fa-wrench', NULL, 0);
INSERT INTO `t_sys_permission` VALUES ('340301160042860544', '省份联动', '省份联动', '/ProvinceLinkageController/view', 0, '340067579836108800', '#', 1, 'fa fa-etsy', 1, 0);
INSERT INTO `t_sys_permission` VALUES ('340381240911859712', 'JavaScript格式化', 'JavaScript格式化', '/static/admin/htmlformat/javascriptFormat.html', 1, '617766548966211584', '#', 1, 'fa fa-magic', 11, 0);
INSERT INTO `t_sys_permission` VALUES ('354851114446884864', '七牛文件上传', '七牛文件上传', '/QiNiuCloudController/view', 0, '592059865673760768', 'system:qiNiuCloud:view', 1, 'fa fa-globe', 15, 0);
INSERT INTO `t_sys_permission` VALUES ('354865752219717632', '云文件集合', '云文件集合', '/QiNiuCloudController/list', 0, '354851114446884864', 'system:qiNiuCloud:list', 2, NULL, NULL, 0);
INSERT INTO `t_sys_permission` VALUES ('373489907429150720', 'URL拦截管理', '拦截url表展示', '/SysInterUrlController/view', 0, '617766548966211584', 'gen:sysInterUrl:view', 1, 'fa fa-hand-stop-o', 16, 0);
INSERT INTO `t_sys_permission` VALUES ('3734899074291507211', '拦截url表集合', '拦截url表集合', '/SysInterUrlController/list', 0, '373489907429150720', 'gen:sysInterUrl:list', 2, '', NULL, 0);
INSERT INTO `t_sys_permission` VALUES ('3734899074291507222', '拦截url表添加', '拦截url表添加', '/SysInterUrlController/add', 0, '373489907429150720', 'gen:sysInterUrl:add', 2, 'entypo-plus-squared', NULL, 0);
INSERT INTO `t_sys_permission` VALUES ('3734899074291507233', '拦截url表删除', '拦截url表删除', '/SysInterUrlController/remove', 0, '373489907429150720', 'gen:sysInterUrl:remove', 2, 'entypo-trash', NULL, 0);
INSERT INTO `t_sys_permission` VALUES ('3734899074291507244', '拦截url表修改', '拦截url表修改', '/SysInterUrlController/edit', 0, '373489907429150720', 'gen:sysInterUrl:edit', 2, 'fa fa-wrench', NULL, 0);
INSERT INTO `t_sys_permission` VALUES ('4', '用户管理', '用户展示', '/UserController/view', 0, '411522822607867904', 'system:user:view', 1, 'icon icon-user', 1, 0);
INSERT INTO `t_sys_permission` VALUES ('410791701859405824', '岗位管理', '岗位展示', '/SysPositionController/view', 0, '411522822607867904', 'gen:sysPosition:view', 1, 'fa fa-vcard', 17, 0);
INSERT INTO `t_sys_permission` VALUES ('4107917018594058251', '岗位表集合', '岗位集合', '/SysPositionController/list', 0, '410791701859405824', 'gen:sysPosition:list', 2, '', NULL, 0);
INSERT INTO `t_sys_permission` VALUES ('4107917018594058262', '岗位表添加', '岗位添加', '/SysPositionController/add', 0, '410791701859405824', 'gen:sysPosition:add', 2, 'entypo-plus-squared', NULL, 0);
INSERT INTO `t_sys_permission` VALUES ('4107917018594058273', '岗位表删除', '岗位删除', '/SysPositionController/remove', 0, '410791701859405824', 'gen:sysPosition:remove', 2, 'entypo-trash', NULL, 0);
INSERT INTO `t_sys_permission` VALUES ('4107917018594058284', '岗位表修改', '岗位修改', '/SysPositionController/edit', 0, '410791701859405824', 'gen:sysPosition:edit', 2, 'fa fa-wrench', NULL, 0);
INSERT INTO `t_sys_permission` VALUES ('410989805699207168', '部门管理', '部门展示', '/SysDepartmentController/view', 0, '411522822607867904', 'gen:sysDepartment:view', 1, 'fa fa-odnoklassniki', 18, 0);
INSERT INTO `t_sys_permission` VALUES ('4109898056992071691', '部门集合', '部门集合', '/SysDepartmentController/list', 0, '410989805699207168', 'gen:sysDepartment:list', 2, '', NULL, 0);
INSERT INTO `t_sys_permission` VALUES ('4109898056992071702', '部门添加', '部门添加', '/SysDepartmentController/add', 0, '410989805699207168', 'gen:sysDepartment:add', 2, 'entypo-plus-squared', NULL, 0);
INSERT INTO `t_sys_permission` VALUES ('4109898056992071713', '部门删除', '部门删除', '/SysDepartmentController/remove', 0, '410989805699207168', 'gen:sysDepartment:remove', 2, 'entypo-trash', NULL, 0);
INSERT INTO `t_sys_permission` VALUES ('4109898056992071724', '部门修改', '部门修改', '/SysDepartmentController/edit', 0, '410989805699207168', 'gen:sysDepartment:edit', 2, 'fa fa-wrench', NULL, 0);
INSERT INTO `t_sys_permission` VALUES ('411522822607867904', '用户管理', '用户管理', '#', 0, '496782496638173184', '#', 1, 'fa fa-id-badge', 3, 0);
INSERT INTO `t_sys_permission` VALUES ('486690002869157888', '用户密码修改', '用户密码修改', '/UserController/editPwd', 0, '4', 'system:user:editPwd', 2, 'entypo-tools', 3, 0);
INSERT INTO `t_sys_permission` VALUES ('496126970468237312', '日志展示', '日志管理', '/LogController/view', 0, '592059865673760768', 'system:log:view', 1, 'fa fa-info', 9, 0);
INSERT INTO `t_sys_permission` VALUES ('496127240363311104', '日志删除', '日志删除', '/LogController/remove', 0, '496126970468237312', 'system:log:remove', 2, 'entypo-trash', NULL, 0);
INSERT INTO `t_sys_permission` VALUES ('496127794879660032', '日志集合', '日志集合', '/LogController/list', 0, '496126970468237312', 'system:log:list', 2, NULL, NULL, 0);
INSERT INTO `t_sys_permission` VALUES ('496782496638173184', '系统设置', '后台设置', NULL, 0, '1', NULL, 0, 'fa fa-gear', 3, 0);
INSERT INTO `t_sys_permission` VALUES ('5', '用户集合', '用户集合', '/UserController/list', 0, '4', 'system:user:list', 2, '', NULL, 0);
INSERT INTO `t_sys_permission` VALUES ('581541547099553792', 'druid监控', 'druid监控', '/druid/', 0, '617766548966211584', 'user:list', 1, 'fa fa-line-chart', 6, 0);
INSERT INTO `t_sys_permission` VALUES ('583063272123531264', 'API文档', 'API文档', '/swagger-ui.html', 1, '617766548966211584', '--', 1, 'fa fa-font', 8, 0);
INSERT INTO `t_sys_permission` VALUES ('586003694080753664', '表单构建', '表单构建', '/ToolController/view', 0, '617766548966211584', 'system:tool:view', 1, 'fa fa-list-alt', 5, 0);
INSERT INTO `t_sys_permission` VALUES ('587453033487532032', '后台模板', '后台模板', '/static/admin/bootstarp/index.html', 1, '617766548966211584', 'system:htmb:view', 1, 'fa fa-telegram', 9, 0);
INSERT INTO `t_sys_permission` VALUES ('589559475422101504', '测试目录', '测试目录', NULL, 0, '1', NULL, 0, 'fa fa-etsy', 5, 0);
INSERT INTO `t_sys_permission` VALUES ('589559748521623552', '一级菜单', '测试菜单', '#', 0, '589559475422101504', '#', 1, 'fa fa-address-book', NULL, 0);
INSERT INTO `t_sys_permission` VALUES ('589559916704825344', '二级菜单', '二级菜单', '#', 0, '589559748521623552', '#', 1, 'fa fa-address-book', 1, 0);
INSERT INTO `t_sys_permission` VALUES ('592059865673760768', '系统管理', '后台管理', '#', 0, '496782496638173184', '#', 1, 'fa fa-home', 1, 0);
INSERT INTO `t_sys_permission` VALUES ('592067570522128384', '测试跳转', '测试跳转', 'http://www.baidu.com', 1, '589559748521623552', '#', 1, 'fa fa-address-book', NULL, 0);
INSERT INTO `t_sys_permission` VALUES ('592167738407911424', '系统监控', '系统监控', '/ServiceController/view', 0, '617766548966211584', 'system:service:view', 1, 'fa fa-video-camera', 7, 0);
INSERT INTO `t_sys_permission` VALUES ('594691026430459904', '电子邮件管理', '电子邮件展示', '/EmailController/view', 0, '592059865673760768', 'system:email:view', 1, 'fa fa-envelope', 8, 0);
INSERT INTO `t_sys_permission` VALUES ('5946910264304599041', '电子邮件集合', '电子邮件集合', '/EmailController/list', 0, '594691026430459904', 'system:email:list', 2, '', NULL, 0);
INSERT INTO `t_sys_permission` VALUES ('5946910264304599042', '电子邮件添加', '电子邮件添加', '/EmailController/add', 0, '594691026430459904', 'system:email:add', 2, 'entypo-plus-squared', NULL, 0);
INSERT INTO `t_sys_permission` VALUES ('5946910264304599043', '电子邮件删除', '电子邮件删除', '/EmailController/remove', 0, '594691026430459904', 'system:email:remove', 2, 'entypo-trash', NULL, 0);
INSERT INTO `t_sys_permission` VALUES ('5946910264304599044', '电子邮件修改', '电子邮件修改', '/EmailController/edit', 0, '594691026430459904', 'system:email:edit', 2, 'fa fa-wrench', NULL, 0);
INSERT INTO `t_sys_permission` VALUES ('6', '用户添加', '用户添加', '/UserController/add', 0, '4', 'system:user:add', 2, 'entypo-plus-squared', NULL, 0);
INSERT INTO `t_sys_permission` VALUES ('610635485890478080', '代码生成新', '代码生成2', '#', 0, '617751079701970944', '#', 1, 'fa fa-blind', 1, 0);
INSERT INTO `t_sys_permission` VALUES ('610635950447394816', '全局配置', '', '/autoCodeController/global', 0, '610635485890478080', 'system:autocode:global', 1, 'fa fa-university', NULL, 0);
INSERT INTO `t_sys_permission` VALUES ('610983815791247360', '单表生成', '', '/autoCodeController/one', 0, '610635485890478080', 'system:autocode:one', 1, 'fa fa-hand-peace-o', NULL, 0);
INSERT INTO `t_sys_permission` VALUES ('617751079701970944', '代码生成', '代码生成', NULL, 0, '1', NULL, 0, 'fa fa-500px', 4, 0);
INSERT INTO `t_sys_permission` VALUES ('617766548966211584', '系统工具', '系统工具', '#', 0, '496782496638173184', '#', 1, 'fa fa-th-large', 2, 0);
INSERT INTO `t_sys_permission` VALUES ('618918631769636864', '字典管理', '字典类型表展示', '/DictTypeController/view', 0, '592059865673760768', 'system:dictType:view', 1, 'fa fa-puzzle-piece', 11, 0);
INSERT INTO `t_sys_permission` VALUES ('6189186317738311681', '字典类型表集合', '字典类型表集合', '/DictTypeController/list', 0, '618918631769636864', 'system:dictType:list', 2, NULL, NULL, 0);
INSERT INTO `t_sys_permission` VALUES ('6189186317948026882', '字典类型表添加', '字典类型表添加', '/DictTypeController/add', 0, '618918631769636864', 'system:dictType:add', 2, NULL, NULL, 0);
INSERT INTO `t_sys_permission` VALUES ('6189186317948026883', '字典类型表删除', '字典类型表删除', '/DictTypeController/remove', 0, '618918631769636864', 'system:dictType:remove', 2, NULL, NULL, 0);
INSERT INTO `t_sys_permission` VALUES ('6189186317989969924', '字典类型表修改', '字典类型表修改', '/DictTypeController/edit', 0, '618918631769636864', 'system:dictType:edit', 2, NULL, NULL, 0);
INSERT INTO `t_sys_permission` VALUES ('6192095214866268161', '字典数据表集合', '字典数据表集合', '/DictDataController/list', 0, '618918631769636864', 'system:dictData:list', 2, NULL, NULL, 0);
INSERT INTO `t_sys_permission` VALUES ('6192095214866268162', '字典数据表添加', '字典数据表添加', '/DictDataController/add', 0, '618918631769636864', 'system:dictData:add', 2, NULL, NULL, 0);
INSERT INTO `t_sys_permission` VALUES ('6192095215075983363', '字典数据表删除', '字典数据表删除', '/DictDataController/remove', 0, '618918631769636864', 'system:dictData:remove', 2, NULL, NULL, 0);
INSERT INTO `t_sys_permission` VALUES ('6192095215075983364', '字典数据表修改', '字典数据表修改', '/DictDataController/edit', 0, '618918631769636864', 'system:dictData:edit', 2, NULL, NULL, 0);
INSERT INTO `t_sys_permission` VALUES ('619836559427895296', '字典数据视图', '字典数据视图', '/DictDataController/view', 0, '618918631769636864', 'system:dictData:view', 2, NULL, NULL, 0);
INSERT INTO `t_sys_permission` VALUES ('7', '用户删除', '用户删除', '/UserController/remove', 0, '4', 'system:user:remove', 2, 'entypo-trash', NULL, 0);
INSERT INTO `t_sys_permission` VALUES ('8', '用户修改', '用户修改', '/UserController/edit', 0, '4', 'system:user:edit', 2, 'fa fa-wrench', NULL, 0);
INSERT INTO `t_sys_permission` VALUES ('9', '角色管理', '角色展示', '/RoleController/view', 0, '411522822607867904', 'system:role:view', 1, 'fa fa-group', 2, 0);

-- ----------------------------
-- Table structure for t_sys_permission_role
-- ----------------------------
DROP TABLE IF EXISTS `t_sys_permission_role`;
CREATE TABLE `t_sys_permission_role`  (
  `id` varchar(255) CHARACTER SET utf8 COLLATE utf8_general_ci NOT NULL,
  `role_id` varchar(255) CHARACTER SET utf8 COLLATE utf8_general_ci NULL DEFAULT NULL COMMENT '角色id',
  `permission_id` varchar(255) CHARACTER SET utf8 COLLATE utf8_general_ci NULL DEFAULT NULL COMMENT '权限id',
  PRIMARY KEY (`id`) USING BTREE
) ENGINE = InnoDB CHARACTER SET = utf8 COLLATE = utf8_general_ci COMMENT = '角色权限中间表' ROW_FORMAT = Dynamic;

-- ----------------------------
-- Records of t_sys_permission_role
-- ----------------------------
INSERT INTO `t_sys_permission_role` VALUES ('00f5a7dd-aade-48e1-ab6c-b6c6ae55ba17', '488243256161730560', '6189186317989969924');
INSERT INTO `t_sys_permission_role` VALUES ('0288d610-cf71-4feb-9743-1b4159133aba', '488243256161730560', '6');
INSERT INTO `t_sys_permission_role` VALUES ('080ca00b-9064-4b58-ad4f-4614c46d9946', '488243256161730560', '619836559427895296');
INSERT INTO `t_sys_permission_role` VALUES ('08ac61ee-8a0b-46f8-b8bc-d3d8b5cff933', '488243256161730560', '373489907429150720');
INSERT INTO `t_sys_permission_role` VALUES ('0d5155e7-4423-42fd-b9ee-460918cbef3a', '488243256161730560', '17');
INSERT INTO `t_sys_permission_role` VALUES ('11b4dd0d-75dd-446e-bbfe-cd12f346cda8', '488243256161730560', '5');
INSERT INTO `t_sys_permission_role` VALUES ('145cea49-ff47-450a-8c27-3e3cbbc7c60d', '488243256161730560', '9');
INSERT INTO `t_sys_permission_role` VALUES ('188d620a-f504-443e-81d8-4f29ef46aa6a', '488243256161730560', '3734899074291507233');
INSERT INTO `t_sys_permission_role` VALUES ('194d4634-737a-4336-a82f-a914dded2140', '488243256161730560', '581541547099553792');
INSERT INTO `t_sys_permission_role` VALUES ('1ab3d4b6-7876-4a0f-9b42-12a56a9fa696', '488243256161730560', '20');
INSERT INTO `t_sys_permission_role` VALUES ('1fa14574-c306-4899-a0f5-4a24ba2273b2', '488243256161730560', '3401274122705346571');
INSERT INTO `t_sys_permission_role` VALUES ('23b54f95-7b01-4e6b-aaef-13516f93aa3d', '488243256161730560', '5946910264304599042');
INSERT INTO `t_sys_permission_role` VALUES ('2452aab4-af27-4dd0-af9d-090c157788c0', '488243256161730560', '340088022018166784');
INSERT INTO `t_sys_permission_role` VALUES ('26fd0d2f-dae9-4541-9500-9402ba237aa8', '488243256161730560', '617766548966211584');
INSERT INTO `t_sys_permission_role` VALUES ('2e070fac-209e-45ac-affc-d672ea0df32a', '488243256161730560', '12');
INSERT INTO `t_sys_permission_role` VALUES ('2e64bbba-554e-4a79-a2c6-25ec27c55dd2', '488243256161730560', '589559748521623552');
INSERT INTO `t_sys_permission_role` VALUES ('2f93e749-73f2-470d-952b-992f8d3685b9', '488243256161730560', '3321578609202995233');
INSERT INTO `t_sys_permission_role` VALUES ('36e2b586-2631-487f-99ba-dbc7f31eea63', '488243256161730560', '331778807298134016');
INSERT INTO `t_sys_permission_role` VALUES ('36ed1b19-7c33-47ce-af2a-b0be67851fbe', '488243256161730560', '586003694080753664');
INSERT INTO `t_sys_permission_role` VALUES ('3772c6cc-d79d-4408-a01a-f0a0edac86c1', '488243256161730560', '6192095214866268162');
INSERT INTO `t_sys_permission_role` VALUES ('3922a07d-275e-4edc-86be-107d9f58fc63', '488243256161730560', '1');
INSERT INTO `t_sys_permission_role` VALUES ('3aa1f0c9-f796-44f7-85dc-ee8e675c5c80', '488243256161730560', '3328572814798397473');
INSERT INTO `t_sys_permission_role` VALUES ('3b993e78-5da0-4596-a874-d4ef0306f53b', '488243256161730560', '15');
INSERT INTO `t_sys_permission_role` VALUES ('46afd40d-4bf4-4573-8e26-a34cc11230e8', '488243256161730560', '3328572814798397451');
INSERT INTO `t_sys_permission_role` VALUES ('47e7b98c-6bde-48be-bf64-059628609a23', '488243256161730560', '610983815791247360');
INSERT INTO `t_sys_permission_role` VALUES ('47ee46fa-23f3-40e7-839a-26a8aa05b5b8', '488243256161730560', '4109898056992071713');
INSERT INTO `t_sys_permission_role` VALUES ('48c92484-21ef-49a3-90c3-e8291bcee8af', '488243256161730560', '4107917018594058251');
INSERT INTO `t_sys_permission_role` VALUES ('4ad5fec2-3c78-4dbd-b6e6-fca41df41caa', '488243256161730560', '10');
INSERT INTO `t_sys_permission_role` VALUES ('4b486c0f-357a-4764-83e0-adbe0e091607', '488243256161730560', '410791701859405824');
INSERT INTO `t_sys_permission_role` VALUES ('4f9a679d-d18a-4364-99c1-a865689c3a8d', '488243256161730560', '496782496638173184');
INSERT INTO `t_sys_permission_role` VALUES ('4f9c4478-8135-4323-88d5-6a55c49edbde', '488243256161730560', '340068151804956672');
INSERT INTO `t_sys_permission_role` VALUES ('5006759c-0fa6-43a6-979e-3904e6296315', '488243256161730560', '4107917018594058284');
INSERT INTO `t_sys_permission_role` VALUES ('526a737c-0d35-4d70-aee8-3b26091b9a02', '488243256161730560', '3734899074291507222');
INSERT INTO `t_sys_permission_role` VALUES ('530b468a-602d-4a0a-bb11-4a71ceee2004', '488243256161730560', '3400681518049566764');
INSERT INTO `t_sys_permission_role` VALUES ('56099058-7695-4108-87e7-61fd5c1d7ca2', '488243256161730560', '340067579836108800');
INSERT INTO `t_sys_permission_role` VALUES ('575e2f5d-8d6d-4253-83fd-7ff05f4684cf', '488243256161730560', '5946910264304599044');
INSERT INTO `t_sys_permission_role` VALUES ('591a0bb3-719f-4c70-881b-f67d431713de', '488243256161730560', '3400681518049566742');
INSERT INTO `t_sys_permission_role` VALUES ('5b8fcb9f-47fc-4742-90e4-dbf060654cf0', '488243256161730560', '4107917018594058262');
INSERT INTO `t_sys_permission_role` VALUES ('5bb80271-b72a-4979-9784-dd3a84feedca', '488243256161730560', '14');
INSERT INTO `t_sys_permission_role` VALUES ('5c48b868-b831-464c-a2d6-a2e77cfb0019', '488243256161730560', '3321578609202995222');
INSERT INTO `t_sys_permission_role` VALUES ('5cf4e018-a8c1-4479-86e8-957f6837213c', '488243256161730560', '340066503263129600');
INSERT INTO `t_sys_permission_role` VALUES ('5f260ac5-217c-4b72-8a31-e45b8263fb01', '488243256161730560', '3734899074291507211');
INSERT INTO `t_sys_permission_role` VALUES ('5fac6fb5-ede9-4819-8715-7299e18678ef', '488243256161730560', '21');
INSERT INTO `t_sys_permission_role` VALUES ('647ae050-b41c-4354-b4c7-a658ccdffde5', '488243256161730560', '3400961831355064331');
INSERT INTO `t_sys_permission_role` VALUES ('65c9d55a-53bb-49e0-b8ed-08b2aca9a1ea', '488243256161730560', '6192095215075983364');
INSERT INTO `t_sys_permission_role` VALUES ('67e1b2e5-f19d-4fbe-baf6-f98f3c71fb54', '488243256161730560', '610635485890478080');
INSERT INTO `t_sys_permission_role` VALUES ('6a4c2c13-3726-4703-a5dc-4c7caa662a4f', '488243256161730560', '332157860920299520');
INSERT INTO `t_sys_permission_role` VALUES ('6d1072d4-9a25-43f5-9384-c3658f37792e', '488243256161730560', '6192095214866268161');
INSERT INTO `t_sys_permission_role` VALUES ('6db7ae1e-0854-4af7-8a92-355e417d5ca8', '488243256161730560', '3303650266428252171');
INSERT INTO `t_sys_permission_role` VALUES ('6dee48e4-0644-4126-b9d1-c66f62a21d9b', '488243256161730560', '354851114446884864');
INSERT INTO `t_sys_permission_role` VALUES ('72d136f9-48bb-4b7e-9a43-3d7978bc9b3d', '488243256161730560', '3400681518049566731');
INSERT INTO `t_sys_permission_role` VALUES ('749a7107-551b-46f3-bde9-5c659e64aac5', '488243256161730560', '4109898056992071724');
INSERT INTO `t_sys_permission_role` VALUES ('780da272-8867-4fe2-b938-db9ece0698d8', '488243256161730560', '18');
INSERT INTO `t_sys_permission_role` VALUES ('7832cfcd-b632-4737-ae3b-26507c710e2e', '488243256161730560', '3734899074291507244');
INSERT INTO `t_sys_permission_role` VALUES ('7c4878d1-0781-4198-8ef3-00faf914b018', '488243256161730560', '3400961831355064342');
INSERT INTO `t_sys_permission_role` VALUES ('802a69b1-8c7c-4495-b40e-efeea17bba82', '488243256161730560', '3400880220181667873');
INSERT INTO `t_sys_permission_role` VALUES ('802ec6a4-67bf-49ba-ae10-d195de9d5d61', '488243256161730560', '496126970468237312');
INSERT INTO `t_sys_permission_role` VALUES ('81b6a49e-7819-4c90-8d89-520d418761bf', '488243256161730560', '486690002869157888');
INSERT INTO `t_sys_permission_role` VALUES ('823d9886-7b55-4435-bfcc-464300e8f3f8', '488243256161730560', '6189186317738311681');
INSERT INTO `t_sys_permission_role` VALUES ('8484e6b6-3c62-448c-bd2c-cfd86c6acce3', '488243256161730560', '594691026430459904');
INSERT INTO `t_sys_permission_role` VALUES ('8af73c66-02e2-46d6-9da3-c9f917794aa2', '488243256161730560', '3400880220181667884');
INSERT INTO `t_sys_permission_role` VALUES ('8ecb3ca7-78a1-44b6-bd5a-352078cd0d25', '488243256161730560', '13');
INSERT INTO `t_sys_permission_role` VALUES ('8f838d55-a93d-4254-b2fc-234e47e0df63', '488243256161730560', '618918631769636864');
INSERT INTO `t_sys_permission_role` VALUES ('8f92acf4-dffa-4874-b15a-6ddf65699d62', '488243256161730560', '5946910264304599043');
INSERT INTO `t_sys_permission_role` VALUES ('8f9b7847-9a40-44f7-9a03-a7af899976d6', '488243256161730560', '4109898056992071702');
INSERT INTO `t_sys_permission_role` VALUES ('909e9f9b-df22-4252-8a44-dead4b1c458a', '488243256161730560', '6189186317948026883');
INSERT INTO `t_sys_permission_role` VALUES ('9556686a-a0f0-43b7-a2a9-a3d90645900e', '488243256161730560', '3401274122705346604');
INSERT INTO `t_sys_permission_role` VALUES ('98295c7a-5cd2-4e4b-8966-54ac55cfc6b1', '488243256161730560', '7');
INSERT INTO `t_sys_permission_role` VALUES ('9ac3ab3e-e7e0-4c8e-b3c4-f3773e2a29a0', '488243256161730560', '23');
INSERT INTO `t_sys_permission_role` VALUES ('9f1749cb-34d5-46f7-81ba-6a2e636248c1', '488243256161730560', '6189186317948026882');
INSERT INTO `t_sys_permission_role` VALUES ('a04bff85-d099-48de-99d7-4d92e6b93b3a', '488243256161730560', '340381240911859712');
INSERT INTO `t_sys_permission_role` VALUES ('a0c55b95-09dd-42c9-9315-4a6176067a0b', '488243256161730560', '411522822607867904');
INSERT INTO `t_sys_permission_role` VALUES ('a5172ef8-6df2-4843-a6d2-f4ec0cc9cb1c', '488243256161730560', '496127794879660032');
INSERT INTO `t_sys_permission_role` VALUES ('a620b51c-0f7b-4d68-9de7-829b9ca30e0f', '488243256161730560', '6192095215075983363');
INSERT INTO `t_sys_permission_role` VALUES ('a7078965-ab1f-4365-aec2-ac6702278447', '488243256161730560', '3401274122705346593');
INSERT INTO `t_sys_permission_role` VALUES ('ade88652-aa1e-40e0-b118-910a7255490f', '488243256161730560', '16');
INSERT INTO `t_sys_permission_role` VALUES ('b07018d2-b37c-47fa-9118-86001cda93ca', '488243256161730560', '3321578609202995244');
INSERT INTO `t_sys_permission_role` VALUES ('b2ca977b-e99b-4bc5-b912-8d0aed07ea8e', '488243256161730560', '3303650266428252182');
INSERT INTO `t_sys_permission_role` VALUES ('b3459d7b-835b-4ea2-80da-dbdc3065e6d4', '488243256161730560', '4');
INSERT INTO `t_sys_permission_role` VALUES ('b45a34d9-0dcc-4c52-ad93-5b065cb38705', '488243256161730560', '592059865673760768');
INSERT INTO `t_sys_permission_role` VALUES ('b5579fc4-e1f8-485d-a778-a3e14bef9425', '488243256161730560', '4109898056992071691');
INSERT INTO `t_sys_permission_role` VALUES ('b6959769-3615-489e-8fd4-ec1bde9adedd', '488243256161730560', '3401274122705346582');
INSERT INTO `t_sys_permission_role` VALUES ('b96a754a-ec9d-4887-8ef8-b7c3d1f04d22', '488243256161730560', '3303650266428252204');
INSERT INTO `t_sys_permission_role` VALUES ('b9ef144f-fc2f-47fd-8034-eaeb15ee5985', '488243256161730560', '340096183135506432');
INSERT INTO `t_sys_permission_role` VALUES ('bfae4b29-035f-4699-a8cf-157e0e55dde6', '488243256161730560', '589559475422101504');
INSERT INTO `t_sys_permission_role` VALUES ('bfbc6cce-f196-4e3b-8796-edaa770ddd8d', '488243256161730560', '330365026642825216');
INSERT INTO `t_sys_permission_role` VALUES ('c4c211f5-0052-4ae4-92ff-2b69f16b755d', '488243256161730560', '354865752219717632');
INSERT INTO `t_sys_permission_role` VALUES ('c4c6b3f8-179b-40a9-accc-c5af78951a21', '488243256161730560', '610635950447394816');
INSERT INTO `t_sys_permission_role` VALUES ('c54e21d7-e799-43d5-8199-4c2cc85709c8', '488243256161730560', '583063272123531264');
INSERT INTO `t_sys_permission_role` VALUES ('c6d5d8be-173e-479d-82ca-adba276660a1', '488243256161730560', '340127412270534656');
INSERT INTO `t_sys_permission_role` VALUES ('c78671d0-c214-4f42-b64b-00149f9ef20b', '488243256161730560', '332857281479839744');
INSERT INTO `t_sys_permission_role` VALUES ('c7cdf048-7f19-4c4b-a853-b0d3acf89e1e', '488243256161730560', '3303650266428252193');
INSERT INTO `t_sys_permission_role` VALUES ('c9c3d31c-68b1-46ff-b8ac-89082e76e5d4', '488243256161730560', '3400880220181667862');
INSERT INTO `t_sys_permission_role` VALUES ('cb648947-50c7-48a1-8552-1de911ec3a93', '488243256161730560', '589559916704825344');
INSERT INTO `t_sys_permission_role` VALUES ('cc2aba76-5c5d-4ee6-813d-a06098f7393b', '488243256161730560', '3400961831355064353');
INSERT INTO `t_sys_permission_role` VALUES ('cc4a51cb-4e1a-45e5-95e4-a4da10a542dc', '488243256161730560', '4107917018594058273');
INSERT INTO `t_sys_permission_role` VALUES ('d20961a7-59c8-4baf-904a-a2a9f8ec4aa1', '488243256161730560', '3400961831355064364');
INSERT INTO `t_sys_permission_role` VALUES ('d238d761-a714-4dd0-abca-a4b6a277f5be', '488243256161730560', '587453033487532032');
INSERT INTO `t_sys_permission_role` VALUES ('d6d8c57a-49e1-4034-8f31-a30c020c3a6a', '488243256161730560', '8');
INSERT INTO `t_sys_permission_role` VALUES ('d84588cf-f2c2-4e90-87e7-97d47aa8bee9', '488243256161730560', '19');
INSERT INTO `t_sys_permission_role` VALUES ('de2d1014-5bda-4e35-98ef-d10fdf0d43f2', '488243256161730560', '3321578609202995211');
INSERT INTO `t_sys_permission_role` VALUES ('df01a688-0844-4a8a-9d67-576bdb033f0b', '488243256161730560', '592067570522128384');
INSERT INTO `t_sys_permission_role` VALUES ('df6d7f81-f7ab-48b0-bccb-7ff08f39be19', '488243256161730560', '3400880220181667851');
INSERT INTO `t_sys_permission_role` VALUES ('dfd8a805-9676-44a9-9b81-e25e76e0483d', '488243256161730560', '335330315113467904');
INSERT INTO `t_sys_permission_role` VALUES ('e0c94f85-bdd4-4cf7-8e35-fc80db413d48', '488243256161730560', '22');
INSERT INTO `t_sys_permission_role` VALUES ('ec7b004c-7362-44f5-badf-43f74472acfb', '488243256161730560', '617751079701970944');
INSERT INTO `t_sys_permission_role` VALUES ('ed357b2d-c1c5-4d64-81b3-a5b23c727fa7', '488243256161730560', '3400681518049566753');
INSERT INTO `t_sys_permission_role` VALUES ('ef766641-d9cb-447b-a165-454f644d8457', '488243256161730560', '410989805699207168');
INSERT INTO `t_sys_permission_role` VALUES ('f43bdd4e-9836-403a-b69a-c7362dc62c87', '488243256161730560', '5946910264304599041');
INSERT INTO `t_sys_permission_role` VALUES ('f477ad00-3133-4c86-83b1-d762a111697d', '488243256161730560', '496127240363311104');
INSERT INTO `t_sys_permission_role` VALUES ('f8d0a6cf-0f69-4e41-b050-14922bae7c0b', '488243256161730560', '11');
INSERT INTO `t_sys_permission_role` VALUES ('fc36a1e3-c69a-4afd-b0d0-3494db4204c5', '488243256161730560', '340301160042860544');
INSERT INTO `t_sys_permission_role` VALUES ('fcd6edba-6de2-4b6f-af65-5b0acd644acd', '488243256161730560', '592167738407911424');

-- ----------------------------
-- Table structure for t_sys_position
-- ----------------------------
DROP TABLE IF EXISTS `t_sys_position`;
CREATE TABLE `t_sys_position`  (
  `id` varchar(255) CHARACTER SET utf8 COLLATE utf8_general_ci NOT NULL COMMENT '主键',
  `post_name` varchar(255) CHARACTER SET utf8 COLLATE utf8_general_ci NULL DEFAULT NULL COMMENT '岗位名称',
  `order_num` int(11) NULL DEFAULT NULL COMMENT '排序',
  `status` int(11) NULL DEFAULT NULL COMMENT '状态',
  PRIMARY KEY (`id`) USING BTREE
) ENGINE = InnoDB CHARACTER SET = utf8 COLLATE = utf8_general_ci COMMENT = '岗位表' ROW_FORMAT = Dynamic;

-- ----------------------------
-- Records of t_sys_position
-- ----------------------------
INSERT INTO `t_sys_position` VALUES ('410792368778907648', '总经理', 1, 1);
INSERT INTO `t_sys_position` VALUES ('410792443127140352', '技术经理', 2, 1);
INSERT INTO `t_sys_position` VALUES ('410792478929719296', '人事经理', 3, 1);
INSERT INTO `t_sys_position` VALUES ('411477874382606336', '员工', 4, 1);

-- ----------------------------
-- Table structure for t_sys_province
-- ----------------------------
DROP TABLE IF EXISTS `t_sys_province`;
CREATE TABLE `t_sys_province`  (
  `id` int(11) NOT NULL AUTO_INCREMENT COMMENT '自增列',
  `province_code` varchar(40) CHARACTER SET utf8 COLLATE utf8_general_ci NOT NULL COMMENT '省份代码',
  `province_name` varchar(50) CHARACTER SET utf8 COLLATE utf8_general_ci NOT NULL COMMENT '省份名称',
  `short_name` varchar(20) CHARACTER SET utf8 COLLATE utf8_general_ci NOT NULL COMMENT '简称',
  `lng` varchar(20) CHARACTER SET utf8 COLLATE utf8_general_ci NULL DEFAULT NULL COMMENT '经度',
  `lat` varchar(20) CHARACTER SET utf8 COLLATE utf8_general_ci NULL DEFAULT NULL COMMENT '纬度',
  `sort` int(6) NULL DEFAULT NULL COMMENT '排序',
  `gmt_create` datetime(0) NULL DEFAULT NULL COMMENT '创建时间',
  `gmt_modified` datetime(0) NULL DEFAULT NULL COMMENT '修改时间',
  `memo` varchar(250) CHARACTER SET utf8 COLLATE utf8_general_ci NULL DEFAULT NULL COMMENT '备注',
  `data_state` int(11) NULL DEFAULT NULL COMMENT '状态',
  PRIMARY KEY (`id`) USING BTREE,
  INDEX `Index_1`(`province_code`) USING BTREE
) ENGINE = InnoDB AUTO_INCREMENT = 23 CHARACTER SET = utf8 COLLATE = utf8_general_ci COMMENT = '省份表' ROW_FORMAT = Dynamic;

-- ----------------------------
-- Records of t_sys_province
-- ----------------------------
INSERT INTO `t_sys_province` VALUES (22, '500000', '重庆', '重庆', '106.504959', '29.533155', 22, '2019-02-28 17:16:58', '2019-02-28 17:17:05', '', 0);

-- ----------------------------
-- Table structure for t_sys_quartz_job
-- ----------------------------
DROP TABLE IF EXISTS `t_sys_quartz_job`;
CREATE TABLE `t_sys_quartz_job`  (
  `id` varchar(255) CHARACTER SET utf8 COLLATE utf8_general_ci NOT NULL COMMENT '日志id',
  `job_name` varchar(255) CHARACTER SET utf8 COLLATE utf8_general_ci NULL DEFAULT NULL COMMENT '任务名称',
  `job_group` varchar(255) CHARACTER SET utf8 COLLATE utf8_general_ci NULL DEFAULT NULL COMMENT '任务组名',
  `invoke_target` varchar(255) CHARACTER SET utf8 COLLATE utf8_general_ci NULL DEFAULT NULL COMMENT '调用目标字符串',
  `cron_expression` varchar(255) CHARACTER SET utf8 COLLATE utf8_general_ci NULL DEFAULT NULL COMMENT 'cron执行表达式',
  `misfire_policy` varchar(255) CHARACTER SET utf8 COLLATE utf8_general_ci NULL DEFAULT NULL COMMENT 'cron计划策略',
  `concurrent` varchar(255) CHARACTER SET utf8 COLLATE utf8_general_ci NULL DEFAULT NULL COMMENT '是否并发执行（0允许 1禁止）',
  `status` int(11) NULL DEFAULT NULL COMMENT '任务状态（0正常 1暂停）',
  PRIMARY KEY (`id`) USING BTREE
) ENGINE = InnoDB CHARACTER SET = utf8 COLLATE = utf8_general_ci COMMENT = '定时任务调度表' ROW_FORMAT = Dynamic;

-- ----------------------------
-- Records of t_sys_quartz_job
-- ----------------------------
INSERT INTO `t_sys_quartz_job` VALUES ('332182389491109888', 'v2Task2', 'SYSTEM', 'v2Task.runTask2(1,2l,\'asa\',true,2D)', '*/10 * * * * ?', '1', '1', 1);

-- ----------------------------
-- Table structure for t_sys_quartz_job_log
-- ----------------------------
DROP TABLE IF EXISTS `t_sys_quartz_job_log`;
CREATE TABLE `t_sys_quartz_job_log`  (
  `id` varchar(255) CHARACTER SET utf8 COLLATE utf8_general_ci NOT NULL COMMENT '主键',
  `job_name` varchar(255) CHARACTER SET utf8 COLLATE utf8_general_ci NULL DEFAULT NULL COMMENT '任务名称',
  `job_group` varchar(255) CHARACTER SET utf8 COLLATE utf8_general_ci NULL DEFAULT NULL COMMENT '任务组名',
  `invoke_target` varchar(255) CHARACTER SET utf8 COLLATE utf8_general_ci NULL DEFAULT NULL COMMENT '调用目标字符串',
  `job_message` varchar(255) CHARACTER SET utf8 COLLATE utf8_general_ci NULL DEFAULT NULL COMMENT '日志信息',
  `status` int(11) NULL DEFAULT NULL COMMENT '执行状态（0正常 1失败）',
  `exception_info` varchar(255) CHARACTER SET utf8 COLLATE utf8_general_ci NULL DEFAULT NULL COMMENT '异常信息',
  `start_time` datetime(0) NULL DEFAULT NULL COMMENT '开始时间',
  `end_time` datetime(0) NULL DEFAULT NULL COMMENT '结束时间',
  PRIMARY KEY (`id`) USING BTREE
) ENGINE = InnoDB CHARACTER SET = utf8 COLLATE = utf8_general_ci COMMENT = '定时任务调度日志表' ROW_FORMAT = Dynamic;

-- ----------------------------
-- Records of t_sys_quartz_job_log
-- ----------------------------
INSERT INTO `t_sys_quartz_job_log` VALUES ('333610541354455040', 'v2Task2', 'SYSTEM', 'v2Task.runTask2(1,2l,\'asa\',true,2D)', 'v2Task2 总共耗时：3毫秒', 0, NULL, '2019-09-17 00:16:01', '2019-09-17 00:16:01');
INSERT INTO `t_sys_quartz_job_log` VALUES ('333610547549442048', 'v2Task2', 'SYSTEM', 'v2Task.runTask2(1,2l,\'asa\',true,2D)', 'v2Task2 总共耗时：1毫秒', 0, NULL, '2019-09-17 00:16:03', '2019-09-17 00:16:03');
INSERT INTO `t_sys_quartz_job_log` VALUES ('333610553832509440', 'v2Task2', 'SYSTEM', 'v2Task.runTask2(1,2l,\'asa\',true,2D)', 'v2Task2 总共耗时：0毫秒', 0, NULL, '2019-09-17 00:16:04', '2019-09-17 00:16:04');
INSERT INTO `t_sys_quartz_job_log` VALUES ('333610558995697664', 'v2Task2', 'SYSTEM', 'v2Task.runTask2(1,2l,\'asa\',true,2D)', 'v2Task2 总共耗时：0毫秒', 0, NULL, '2019-09-17 00:16:06', '2019-09-17 00:16:06');
INSERT INTO `t_sys_quartz_job_log` VALUES ('333610566486724608', 'v2Task2', 'SYSTEM', 'v2Task.runTask2(1,2l,\'asa\',true,2D)', 'v2Task2 总共耗时：0毫秒', 0, NULL, '2019-09-17 00:16:07', '2019-09-17 00:16:07');
INSERT INTO `t_sys_quartz_job_log` VALUES ('333610572270669824', 'v2Task2', 'SYSTEM', 'v2Task.runTask2(1,2l,\'asa\',true,2D)', 'v2Task2 总共耗时：0毫秒', 0, NULL, '2019-09-17 00:16:09', '2019-09-17 00:16:09');
INSERT INTO `t_sys_quartz_job_log` VALUES ('354984595927732224', 'v2Task2', 'SYSTEM', 'v2Task.runTask2(1,2l,\'asa\',true,2D)', 'v2Task2 总共耗时：3毫秒', 0, NULL, '2019-11-14 23:48:53', '2019-11-14 23:48:53');
INSERT INTO `t_sys_quartz_job_log` VALUES ('354990312722141184', 'v2Task2', 'SYSTEM', 'v2Task.runTask2(1,2l,\'asa\',true,2D)', 'v2Task2 总共耗时：2毫秒', 0, NULL, '2019-11-15 00:11:36', '2019-11-15 00:11:36');
INSERT INTO `t_sys_quartz_job_log` VALUES ('354996339316232192', 'v2Task2', 'SYSTEM', 'v2Task.runTask2(1,2l,\'asa\',true,2D)', 'v2Task2 总共耗时：3毫秒', 0, NULL, '2019-11-15 00:35:33', '2019-11-15 00:35:33');
INSERT INTO `t_sys_quartz_job_log` VALUES ('415421274211356672', 'v2Task2', 'SYSTEM', 'v2Task.runTask2(1,2l,\'asa\',true,2D)', 'v2Task2 总共耗时：5毫秒', 0, NULL, '2020-04-29 18:22:40', '2020-04-29 18:22:40');
INSERT INTO `t_sys_quartz_job_log` VALUES ('415421274303631360', 'v2Task2', 'SYSTEM', 'v2Task.runTask2(1,2l,\'asa\',true,2D)', 'v2Task2 总共耗时：0毫秒', 0, NULL, '2020-04-29 18:22:40', '2020-04-29 18:22:40');
INSERT INTO `t_sys_quartz_job_log` VALUES ('415421274324602880', 'v2Task2', 'SYSTEM', 'v2Task.runTask2(1,2l,\'asa\',true,2D)', 'v2Task2 总共耗时：0毫秒', 0, NULL, '2020-04-29 18:22:40', '2020-04-29 18:22:40');
INSERT INTO `t_sys_quartz_job_log` VALUES ('415421274366545920', 'v2Task2', 'SYSTEM', 'v2Task.runTask2(1,2l,\'asa\',true,2D)', 'v2Task2 总共耗时：0毫秒', 0, NULL, '2020-04-29 18:22:40', '2020-04-29 18:22:40');
INSERT INTO `t_sys_quartz_job_log` VALUES ('415421315554611200', 'v2Task2', 'SYSTEM', 'v2Task.runTask2(1,2l,\'asa\',true,2D)', 'v2Task2 总共耗时：1毫秒', 0, NULL, '2020-04-29 18:22:50', '2020-04-29 18:22:50');
INSERT INTO `t_sys_quartz_job_log` VALUES ('415421357501845504', 'v2Task2', 'SYSTEM', 'v2Task.runTask2(1,2l,\'asa\',true,2D)', 'v2Task2 总共耗时：1毫秒', 0, NULL, '2020-04-29 18:23:00', '2020-04-29 18:23:00');
INSERT INTO `t_sys_quartz_job_log` VALUES ('415421399453274112', 'v2Task2', 'SYSTEM', 'v2Task.runTask2(1,2l,\'asa\',true,2D)', 'v2Task2 总共耗时：1毫秒', 0, NULL, '2020-04-29 18:23:10', '2020-04-29 18:23:10');
INSERT INTO `t_sys_quartz_job_log` VALUES ('415421441375342592', 'v2Task2', 'SYSTEM', 'v2Task.runTask2(1,2l,\'asa\',true,2D)', 'v2Task2 总共耗时：0毫秒', 0, NULL, '2020-04-29 18:23:20', '2020-04-29 18:23:20');
INSERT INTO `t_sys_quartz_job_log` VALUES ('415421483351937024', 'v2Task2', 'SYSTEM', 'v2Task.runTask2(1,2l,\'asa\',true,2D)', 'v2Task2 总共耗时：2毫秒', 0, NULL, '2020-04-29 18:23:30', '2020-04-29 18:23:30');
INSERT INTO `t_sys_quartz_job_log` VALUES ('415421525257228288', 'v2Task2', 'SYSTEM', 'v2Task.runTask2(1,2l,\'asa\',true,2D)', 'v2Task2 总共耗时：0毫秒', 0, NULL, '2020-04-29 18:23:40', '2020-04-29 18:23:40');
INSERT INTO `t_sys_quartz_job_log` VALUES ('415421567233822720', 'v2Task2', 'SYSTEM', 'v2Task.runTask2(1,2l,\'asa\',true,2D)', 'v2Task2 总共耗时：0毫秒', 0, NULL, '2020-04-29 18:23:50', '2020-04-29 18:23:50');
INSERT INTO `t_sys_quartz_job_log` VALUES ('415421609130725376', 'v2Task2', 'SYSTEM', 'v2Task.runTask2(1,2l,\'asa\',true,2D)', 'v2Task2 总共耗时：0毫秒', 0, NULL, '2020-04-29 18:24:00', '2020-04-29 18:24:00');
INSERT INTO `t_sys_quartz_job_log` VALUES ('415421648662040576', 'v2Task2', 'SYSTEM', 'v2Task.runTask2(1,2l,\'asa\',true,2D)', 'v2Task2 总共耗时：1毫秒', 0, NULL, '2020-04-29 18:24:09', '2020-04-29 18:24:09');
INSERT INTO `t_sys_quartz_job_log` VALUES ('415421651073765376', 'v2Task2', 'SYSTEM', 'v2Task.runTask2(1,2l,\'asa\',true,2D)', 'v2Task2 总共耗时：0毫秒', 0, NULL, '2020-04-29 18:24:10', '2020-04-29 18:24:10');
INSERT INTO `t_sys_quartz_job_log` VALUES ('415421693041971200', 'v2Task2', 'SYSTEM', 'v2Task.runTask2(1,2l,\'asa\',true,2D)', 'v2Task2 总共耗时：0毫秒', 0, NULL, '2020-04-29 18:24:20', '2020-04-29 18:24:20');
INSERT INTO `t_sys_quartz_job_log` VALUES ('415421734959845376', 'v2Task2', 'SYSTEM', 'v2Task.runTask2(1,2l,\'asa\',true,2D)', 'v2Task2 总共耗时：0毫秒', 0, NULL, '2020-04-29 18:24:30', '2020-04-29 18:24:30');
INSERT INTO `t_sys_quartz_job_log` VALUES ('415421776974188544', 'v2Task2', 'SYSTEM', 'v2Task.runTask2(1,2l,\'asa\',true,2D)', 'v2Task2 总共耗时：1毫秒', 0, NULL, '2020-04-29 18:24:40', '2020-04-29 18:24:40');
INSERT INTO `t_sys_quartz_job_log` VALUES ('415421818862702592', 'v2Task2', 'SYSTEM', 'v2Task.runTask2(1,2l,\'asa\',true,2D)', 'v2Task2 总共耗时：1毫秒', 0, NULL, '2020-04-29 18:24:50', '2020-04-29 18:24:50');
INSERT INTO `t_sys_quartz_job_log` VALUES ('415421860805742592', 'v2Task2', 'SYSTEM', 'v2Task.runTask2(1,2l,\'asa\',true,2D)', 'v2Task2 总共耗时：0毫秒', 0, NULL, '2020-04-29 18:25:00', '2020-04-29 18:25:00');
INSERT INTO `t_sys_quartz_job_log` VALUES ('415421902736199680', 'v2Task2', 'SYSTEM', 'v2Task.runTask2(1,2l,\'asa\',true,2D)', 'v2Task2 总共耗时：0毫秒', 0, NULL, '2020-04-29 18:25:10', '2020-04-29 18:25:10');
INSERT INTO `t_sys_quartz_job_log` VALUES ('415423552540512256', 'v2Task2', 'SYSTEM', 'v2Task.runTask2(1,2l,\'asa\',true,2D)', 'v2Task2 总共耗时：4毫秒', 0, NULL, '2020-04-29 18:31:43', '2020-04-29 18:31:43');
INSERT INTO `t_sys_quartz_job_log` VALUES ('415423552636981248', 'v2Task2', 'SYSTEM', 'v2Task.runTask2(1,2l,\'asa\',true,2D)', 'v2Task2 总共耗时：1毫秒', 0, NULL, '2020-04-29 18:31:43', '2020-04-29 18:31:43');
INSERT INTO `t_sys_quartz_job_log` VALUES ('415423552670535680', 'v2Task2', 'SYSTEM', 'v2Task.runTask2(1,2l,\'asa\',true,2D)', 'v2Task2 总共耗时：0毫秒', 0, NULL, '2020-04-29 18:31:43', '2020-04-29 18:31:43');
INSERT INTO `t_sys_quartz_job_log` VALUES ('415423552687312896', 'v2Task2', 'SYSTEM', 'v2Task.runTask2(1,2l,\'asa\',true,2D)', 'v2Task2 总共耗时：0毫秒', 0, NULL, '2020-04-29 18:31:43', '2020-04-29 18:31:43');
INSERT INTO `t_sys_quartz_job_log` VALUES ('415423552716673024', 'v2Task2', 'SYSTEM', 'v2Task.runTask2(1,2l,\'asa\',true,2D)', 'v2Task2 总共耗时：0毫秒', 0, NULL, '2020-04-29 18:31:43', '2020-04-29 18:31:43');
INSERT INTO `t_sys_quartz_job_log` VALUES ('415423552741838848', 'v2Task2', 'SYSTEM', 'v2Task.runTask2(1,2l,\'asa\',true,2D)', 'v2Task2 总共耗时：0毫秒', 0, NULL, '2020-04-29 18:31:43', '2020-04-29 18:31:43');
INSERT INTO `t_sys_quartz_job_log` VALUES ('415423559536611328', 'v2Task2', 'SYSTEM', 'v2Task.runTask2(1,2l,\'asa\',true,2D)', 'v2Task2 总共耗时：0毫秒', 0, NULL, '2020-04-29 18:31:45', '2020-04-29 18:31:45');
INSERT INTO `t_sys_quartz_job_log` VALUES ('415423580482965504', 'v2Task2', 'SYSTEM', 'v2Task.runTask2(1,2l,\'asa\',true,2D)', 'v2Task2 总共耗时：0毫秒', 0, NULL, '2020-04-29 18:31:50', '2020-04-29 18:31:50');
INSERT INTO `t_sys_quartz_job_log` VALUES ('415423601454485504', 'v2Task2', 'SYSTEM', 'v2Task.runTask2(1,2l,\'asa\',true,2D)', 'v2Task2 总共耗时：1毫秒', 0, NULL, '2020-04-29 18:31:55', '2020-04-29 18:31:55');
INSERT INTO `t_sys_quartz_job_log` VALUES ('415423622405033984', 'v2Task2', 'SYSTEM', 'v2Task.runTask2(1,2l,\'asa\',true,2D)', 'v2Task2 总共耗时：1毫秒', 0, NULL, '2020-04-29 18:32:00', '2020-04-29 18:32:00');
INSERT INTO `t_sys_quartz_job_log` VALUES ('415423643372359680', 'v2Task2', 'SYSTEM', 'v2Task.runTask2(1,2l,\'asa\',true,2D)', 'v2Task2 总共耗时：1毫秒', 0, NULL, '2020-04-29 18:32:05', '2020-04-29 18:32:05');
INSERT INTO `t_sys_quartz_job_log` VALUES ('415423664343879680', 'v2Task2', 'SYSTEM', 'v2Task.runTask2(1,2l,\'asa\',true,2D)', 'v2Task2 总共耗时：0毫秒', 0, NULL, '2020-04-29 18:32:10', '2020-04-29 18:32:10');
INSERT INTO `t_sys_quartz_job_log` VALUES ('415423685311205376', 'v2Task2', 'SYSTEM', 'v2Task.runTask2(1,2l,\'asa\',true,2D)', 'v2Task2 总共耗时：0毫秒', 0, NULL, '2020-04-29 18:32:15', '2020-04-29 18:32:15');
INSERT INTO `t_sys_quartz_job_log` VALUES ('415423706328862720', 'v2Task2', 'SYSTEM', 'v2Task.runTask2(1,2l,\'asa\',true,2D)', 'v2Task2 总共耗时：0毫秒', 0, NULL, '2020-04-29 18:32:20', '2020-04-29 18:32:20');
INSERT INTO `t_sys_quartz_job_log` VALUES ('415423727325548544', 'v2Task2', 'SYSTEM', 'v2Task.runTask2(1,2l,\'asa\',true,2D)', 'v2Task2 总共耗时：0毫秒', 0, NULL, '2020-04-29 18:32:25', '2020-04-29 18:32:25');
INSERT INTO `t_sys_quartz_job_log` VALUES ('415423748250931200', 'v2Task2', 'SYSTEM', 'v2Task.runTask2(1,2l,\'asa\',true,2D)', 'v2Task2 总共耗时：0毫秒', 0, NULL, '2020-04-29 18:32:30', '2020-04-29 18:32:30');
INSERT INTO `t_sys_quartz_job_log` VALUES ('415423769188896768', 'v2Task2', 'SYSTEM', 'v2Task.runTask2(1,2l,\'asa\',true,2D)', 'v2Task2 总共耗时：0毫秒', 0, NULL, '2020-04-29 18:32:35', '2020-04-29 18:32:35');
INSERT INTO `t_sys_quartz_job_log` VALUES ('415423790227525632', 'v2Task2', 'SYSTEM', 'v2Task.runTask2(1,2l,\'asa\',true,2D)', 'v2Task2 总共耗时：0毫秒', 0, NULL, '2020-04-29 18:32:40', '2020-04-29 18:32:40');
INSERT INTO `t_sys_quartz_job_log` VALUES ('415423811190657024', 'v2Task2', 'SYSTEM', 'v2Task.runTask2(1,2l,\'asa\',true,2D)', 'v2Task2 总共耗时：1毫秒', 0, NULL, '2020-04-29 18:32:45', '2020-04-29 18:32:45');
INSERT INTO `t_sys_quartz_job_log` VALUES ('415423832178954240', 'v2Task2', 'SYSTEM', 'v2Task.runTask2(1,2l,\'asa\',true,2D)', 'v2Task2 总共耗时：1毫秒', 0, NULL, '2020-04-29 18:32:50', '2020-04-29 18:32:50');
INSERT INTO `t_sys_quartz_job_log` VALUES ('415423853100142592', 'v2Task2', 'SYSTEM', 'v2Task.runTask2(1,2l,\'asa\',true,2D)', 'v2Task2 总共耗时：0毫秒', 0, NULL, '2020-04-29 18:32:55', '2020-04-29 18:32:55');
INSERT INTO `t_sys_quartz_job_log` VALUES ('415423874054885376', 'v2Task2', 'SYSTEM', 'v2Task.runTask2(1,2l,\'asa\',true,2D)', 'v2Task2 总共耗时：0毫秒', 0, NULL, '2020-04-29 18:33:00', '2020-04-29 18:33:00');
INSERT INTO `t_sys_quartz_job_log` VALUES ('415423895026405376', 'v2Task2', 'SYSTEM', 'v2Task.runTask2(1,2l,\'asa\',true,2D)', 'v2Task2 总共耗时：0毫秒', 0, NULL, '2020-04-29 18:33:05', '2020-04-29 18:33:05');
INSERT INTO `t_sys_quartz_job_log` VALUES ('415423916002119680', 'v2Task2', 'SYSTEM', 'v2Task.runTask2(1,2l,\'asa\',true,2D)', 'v2Task2 总共耗时：0毫秒', 0, NULL, '2020-04-29 18:33:10', '2020-04-29 18:33:10');
INSERT INTO `t_sys_quartz_job_log` VALUES ('415423937015582720', 'v2Task2', 'SYSTEM', 'v2Task.runTask2(1,2l,\'asa\',true,2D)', 'v2Task2 总共耗时：0毫秒', 0, NULL, '2020-04-29 18:33:15', '2020-04-29 18:33:15');
INSERT INTO `t_sys_quartz_job_log` VALUES ('415423957970325504', 'v2Task2', 'SYSTEM', 'v2Task.runTask2(1,2l,\'asa\',true,2D)', 'v2Task2 总共耗时：0毫秒', 0, NULL, '2020-04-29 18:33:20', '2020-04-29 18:33:20');
INSERT INTO `t_sys_quartz_job_log` VALUES ('415423978925068288', 'v2Task2', 'SYSTEM', 'v2Task.runTask2(1,2l,\'asa\',true,2D)', 'v2Task2 总共耗时：1毫秒', 0, NULL, '2020-04-29 18:33:25', '2020-04-29 18:33:25');
INSERT INTO `t_sys_quartz_job_log` VALUES ('415423999942725632', 'v2Task2', 'SYSTEM', 'v2Task.runTask2(1,2l,\'asa\',true,2D)', 'v2Task2 总共耗时：1毫秒', 0, NULL, '2020-04-29 18:33:30', '2020-04-29 18:33:30');
INSERT INTO `t_sys_quartz_job_log` VALUES ('415424020889079808', 'v2Task2', 'SYSTEM', 'v2Task.runTask2(1,2l,\'asa\',true,2D)', 'v2Task2 总共耗时：1毫秒', 0, NULL, '2020-04-29 18:33:35', '2020-04-29 18:33:35');
INSERT INTO `t_sys_quartz_job_log` VALUES ('415424041894154240', 'v2Task2', 'SYSTEM', 'v2Task.runTask2(1,2l,\'asa\',true,2D)', 'v2Task2 总共耗时：1毫秒', 0, NULL, '2020-04-29 18:33:40', '2020-04-29 18:33:40');
INSERT INTO `t_sys_quartz_job_log` VALUES ('415424062844702720', 'v2Task2', 'SYSTEM', 'v2Task.runTask2(1,2l,\'asa\',true,2D)', 'v2Task2 总共耗时：0毫秒', 0, NULL, '2020-04-29 18:33:45', '2020-04-29 18:33:45');
INSERT INTO `t_sys_quartz_job_log` VALUES ('415424083803639808', 'v2Task2', 'SYSTEM', 'v2Task.runTask2(1,2l,\'asa\',true,2D)', 'v2Task2 总共耗时：1毫秒', 0, NULL, '2020-04-29 18:33:50', '2020-04-29 18:33:50');
INSERT INTO `t_sys_quartz_job_log` VALUES ('415424104754188288', 'v2Task2', 'SYSTEM', 'v2Task.runTask2(1,2l,\'asa\',true,2D)', 'v2Task2 总共耗时：1毫秒', 0, NULL, '2020-04-29 18:33:55', '2020-04-29 18:33:55');
INSERT INTO `t_sys_quartz_job_log` VALUES ('415424125746679808', 'v2Task2', 'SYSTEM', 'v2Task.runTask2(1,2l,\'asa\',true,2D)', 'v2Task2 总共耗时：1毫秒', 0, NULL, '2020-04-29 18:34:00', '2020-04-29 18:34:00');
INSERT INTO `t_sys_quartz_job_log` VALUES ('415424146726588416', 'v2Task2', 'SYSTEM', 'v2Task.runTask2(1,2l,\'asa\',true,2D)', 'v2Task2 总共耗时：0毫秒', 0, NULL, '2020-04-29 18:34:05', '2020-04-29 18:34:05');
INSERT INTO `t_sys_quartz_job_log` VALUES ('415424167727468544', 'v2Task2', 'SYSTEM', 'v2Task.runTask2(1,2l,\'asa\',true,2D)', 'v2Task2 总共耗时：0毫秒', 0, NULL, '2020-04-29 18:34:10', '2020-04-29 18:34:10');
INSERT INTO `t_sys_quartz_job_log` VALUES ('415424188678017024', 'v2Task2', 'SYSTEM', 'v2Task.runTask2(1,2l,\'asa\',true,2D)', 'v2Task2 总共耗时：0毫秒', 0, NULL, '2020-04-29 18:34:15', '2020-04-29 18:34:15');
INSERT INTO `t_sys_quartz_job_log` VALUES ('415424209636954112', 'v2Task2', 'SYSTEM', 'v2Task.runTask2(1,2l,\'asa\',true,2D)', 'v2Task2 总共耗时：0毫秒', 0, NULL, '2020-04-29 18:34:20', '2020-04-29 18:34:20');
INSERT INTO `t_sys_quartz_job_log` VALUES ('415424230595891200', 'v2Task2', 'SYSTEM', 'v2Task.runTask2(1,2l,\'asa\',true,2D)', 'v2Task2 总共耗时：1毫秒', 0, NULL, '2020-04-29 18:34:25', '2020-04-29 18:34:25');
INSERT INTO `t_sys_quartz_job_log` VALUES ('415424251567411200', 'v2Task2', 'SYSTEM', 'v2Task.runTask2(1,2l,\'asa\',true,2D)', 'v2Task2 总共耗时：0毫秒', 0, NULL, '2020-04-29 18:34:30', '2020-04-29 18:34:30');
INSERT INTO `t_sys_quartz_job_log` VALUES ('415424272559902720', 'v2Task2', 'SYSTEM', 'v2Task.runTask2(1,2l,\'asa\',true,2D)', 'v2Task2 总共耗时：0毫秒', 0, NULL, '2020-04-29 18:34:35', '2020-04-29 18:34:35');
INSERT INTO `t_sys_quartz_job_log` VALUES ('415424293518839808', 'v2Task2', 'SYSTEM', 'v2Task.runTask2(1,2l,\'asa\',true,2D)', 'v2Task2 总共耗时：0毫秒', 0, NULL, '2020-04-29 18:34:40', '2020-04-29 18:34:40');
INSERT INTO `t_sys_quartz_job_log` VALUES ('415424314507137024', 'v2Task2', 'SYSTEM', 'v2Task.runTask2(1,2l,\'asa\',true,2D)', 'v2Task2 总共耗时：0毫秒', 0, NULL, '2020-04-29 18:34:45', '2020-04-29 18:34:45');
INSERT INTO `t_sys_quartz_job_log` VALUES ('415424335436713984', 'v2Task2', 'SYSTEM', 'v2Task.runTask2(1,2l,\'asa\',true,2D)', 'v2Task2 总共耗时：1毫秒', 0, NULL, '2020-04-29 18:34:50', '2020-04-29 18:34:50');
INSERT INTO `t_sys_quartz_job_log` VALUES ('415424356404039680', 'v2Task2', 'SYSTEM', 'v2Task.runTask2(1,2l,\'asa\',true,2D)', 'v2Task2 总共耗时：1毫秒', 0, NULL, '2020-04-29 18:34:55', '2020-04-29 18:34:55');
INSERT INTO `t_sys_quartz_job_log` VALUES ('415424377396531200', 'v2Task2', 'SYSTEM', 'v2Task.runTask2(1,2l,\'asa\',true,2D)', 'v2Task2 总共耗时：1毫秒', 0, NULL, '2020-04-29 18:35:00', '2020-04-29 18:35:00');
INSERT INTO `t_sys_quartz_job_log` VALUES ('415424398414188544', 'v2Task2', 'SYSTEM', 'v2Task.runTask2(1,2l,\'asa\',true,2D)', 'v2Task2 总共耗时：0毫秒', 0, NULL, '2020-04-29 18:35:05', '2020-04-29 18:35:05');
INSERT INTO `t_sys_quartz_job_log` VALUES ('415424419326988288', 'v2Task2', 'SYSTEM', 'v2Task.runTask2(1,2l,\'asa\',true,2D)', 'v2Task2 总共耗时：1毫秒', 0, NULL, '2020-04-29 18:35:10', '2020-04-29 18:35:10');
INSERT INTO `t_sys_quartz_job_log` VALUES ('415424440332062720', 'v2Task2', 'SYSTEM', 'v2Task.runTask2(1,2l,\'asa\',true,2D)', 'v2Task2 总共耗时：1毫秒', 0, NULL, '2020-04-29 18:35:15', '2020-04-29 18:35:15');
INSERT INTO `t_sys_quartz_job_log` VALUES ('415424461282611200', 'v2Task2', 'SYSTEM', 'v2Task.runTask2(1,2l,\'asa\',true,2D)', 'v2Task2 总共耗时：0毫秒', 0, NULL, '2020-04-29 18:35:20', '2020-04-29 18:35:20');
INSERT INTO `t_sys_quartz_job_log` VALUES ('415424482254131200', 'v2Task2', 'SYSTEM', 'v2Task.runTask2(1,2l,\'asa\',true,2D)', 'v2Task2 总共耗时：0毫秒', 0, NULL, '2020-04-29 18:35:25', '2020-04-29 18:35:25');
INSERT INTO `t_sys_quartz_job_log` VALUES ('415424503200485376', 'v2Task2', 'SYSTEM', 'v2Task.runTask2(1,2l,\'asa\',true,2D)', 'v2Task2 总共耗时：0毫秒', 0, NULL, '2020-04-29 18:35:30', '2020-04-29 18:35:30');
INSERT INTO `t_sys_quartz_job_log` VALUES ('415424524163616768', 'v2Task2', 'SYSTEM', 'v2Task.runTask2(1,2l,\'asa\',true,2D)', 'v2Task2 总共耗时：0毫秒', 0, NULL, '2020-04-29 18:35:35', '2020-04-29 18:35:35');
INSERT INTO `t_sys_quartz_job_log` VALUES ('415424545135136768', 'v2Task2', 'SYSTEM', 'v2Task.runTask2(1,2l,\'asa\',true,2D)', 'v2Task2 总共耗时：0毫秒', 0, NULL, '2020-04-29 18:35:40', '2020-04-29 18:35:40');
INSERT INTO `t_sys_quartz_job_log` VALUES ('415424566148599808', 'v2Task2', 'SYSTEM', 'v2Task.runTask2(1,2l,\'asa\',true,2D)', 'v2Task2 总共耗时：1毫秒', 0, NULL, '2020-04-29 18:35:45', '2020-04-29 18:35:45');
INSERT INTO `t_sys_quartz_job_log` VALUES ('415424587103342592', 'v2Task2', 'SYSTEM', 'v2Task.runTask2(1,2l,\'asa\',true,2D)', 'v2Task2 总共耗时：0毫秒', 0, NULL, '2020-04-29 18:35:50', '2020-04-29 18:35:50');
INSERT INTO `t_sys_quartz_job_log` VALUES ('415424608150360064', 'v2Task2', 'SYSTEM', 'v2Task.runTask2(1,2l,\'asa\',true,2D)', 'v2Task2 总共耗时：1毫秒', 0, NULL, '2020-04-29 18:35:55', '2020-04-29 18:35:55');
INSERT INTO `t_sys_quartz_job_log` VALUES ('415424629029605376', 'v2Task2', 'SYSTEM', 'v2Task.runTask2(1,2l,\'asa\',true,2D)', 'v2Task2 总共耗时：1毫秒', 0, NULL, '2020-04-29 18:36:00', '2020-04-29 18:36:00');
INSERT INTO `t_sys_quartz_job_log` VALUES ('415424650072428544', 'v2Task2', 'SYSTEM', 'v2Task.runTask2(1,2l,\'asa\',true,2D)', 'v2Task2 总共耗时：0毫秒', 0, NULL, '2020-04-29 18:36:05', '2020-04-29 18:36:05');
INSERT INTO `t_sys_quartz_job_log` VALUES ('415424671035559936', 'v2Task2', 'SYSTEM', 'v2Task.runTask2(1,2l,\'asa\',true,2D)', 'v2Task2 总共耗时：0毫秒', 0, NULL, '2020-04-29 18:36:10', '2020-04-29 18:36:10');
INSERT INTO `t_sys_quartz_job_log` VALUES ('415424691981914112', 'v2Task2', 'SYSTEM', 'v2Task.runTask2(1,2l,\'asa\',true,2D)', 'v2Task2 总共耗时：0毫秒', 0, NULL, '2020-04-29 18:36:15', '2020-04-29 18:36:15');
INSERT INTO `t_sys_quartz_job_log` VALUES ('415424712961822720', 'v2Task2', 'SYSTEM', 'v2Task.runTask2(1,2l,\'asa\',true,2D)', 'v2Task2 总共耗时：0毫秒', 0, NULL, '2020-04-29 18:36:20', '2020-04-29 18:36:20');
INSERT INTO `t_sys_quartz_job_log` VALUES ('415424733899788288', 'v2Task2', 'SYSTEM', 'v2Task.runTask2(1,2l,\'asa\',true,2D)', 'v2Task2 总共耗时：0毫秒', 0, NULL, '2020-04-29 18:36:25', '2020-04-29 18:36:25');
INSERT INTO `t_sys_quartz_job_log` VALUES ('415424754862919680', 'v2Task2', 'SYSTEM', 'v2Task.runTask2(1,2l,\'asa\',true,2D)', 'v2Task2 总共耗时：0毫秒', 0, NULL, '2020-04-29 18:36:30', '2020-04-29 18:36:30');
INSERT INTO `t_sys_quartz_job_log` VALUES ('415424775888965632', 'v2Task2', 'SYSTEM', 'v2Task.runTask2(1,2l,\'asa\',true,2D)', 'v2Task2 总共耗时：1毫秒', 0, NULL, '2020-04-29 18:36:35', '2020-04-29 18:36:35');
INSERT INTO `t_sys_quartz_job_log` VALUES ('415424796797571072', 'v2Task2', 'SYSTEM', 'v2Task.runTask2(1,2l,\'asa\',true,2D)', 'v2Task2 总共耗时：1毫秒', 0, NULL, '2020-04-29 18:36:40', '2020-04-29 18:36:40');
INSERT INTO `t_sys_quartz_job_log` VALUES ('415424817836199936', 'v2Task2', 'SYSTEM', 'v2Task.runTask2(1,2l,\'asa\',true,2D)', 'v2Task2 总共耗时：1毫秒', 0, NULL, '2020-04-29 18:36:45', '2020-04-29 18:36:45');
INSERT INTO `t_sys_quartz_job_log` VALUES ('415424838769971200', 'v2Task2', 'SYSTEM', 'v2Task.runTask2(1,2l,\'asa\',true,2D)', 'v2Task2 总共耗时：1毫秒', 0, NULL, '2020-04-29 18:36:50', '2020-04-29 18:36:50');
INSERT INTO `t_sys_quartz_job_log` VALUES ('415424859741491200', 'v2Task2', 'SYSTEM', 'v2Task.runTask2(1,2l,\'asa\',true,2D)', 'v2Task2 总共耗时：0毫秒', 0, NULL, '2020-04-29 18:36:55', '2020-04-29 18:36:55');
INSERT INTO `t_sys_quartz_job_log` VALUES ('415424880696233984', 'v2Task2', 'SYSTEM', 'v2Task.runTask2(1,2l,\'asa\',true,2D)', 'v2Task2 总共耗时：0毫秒', 0, NULL, '2020-04-29 18:37:00', '2020-04-29 18:37:00');
INSERT INTO `t_sys_quartz_job_log` VALUES ('415424901705502720', 'v2Task2', 'SYSTEM', 'v2Task.runTask2(1,2l,\'asa\',true,2D)', 'v2Task2 总共耗时：1毫秒', 0, NULL, '2020-04-29 18:37:05', '2020-04-29 18:37:05');
INSERT INTO `t_sys_quartz_job_log` VALUES ('415424922681217024', 'v2Task2', 'SYSTEM', 'v2Task.runTask2(1,2l,\'asa\',true,2D)', 'v2Task2 总共耗时：1毫秒', 0, NULL, '2020-04-29 18:37:10', '2020-04-29 18:37:10');
INSERT INTO `t_sys_quartz_job_log` VALUES ('415424943690485760', 'v2Task2', 'SYSTEM', 'v2Task.runTask2(1,2l,\'asa\',true,2D)', 'v2Task2 总共耗时：1毫秒', 0, NULL, '2020-04-29 18:37:15', '2020-04-29 18:37:15');
INSERT INTO `t_sys_quartz_job_log` VALUES ('415424964632645632', 'v2Task2', 'SYSTEM', 'v2Task.runTask2(1,2l,\'asa\',true,2D)', 'v2Task2 总共耗时：1毫秒', 0, NULL, '2020-04-29 18:37:20', '2020-04-29 18:37:20');
INSERT INTO `t_sys_quartz_job_log` VALUES ('415424985562222592', 'v2Task2', 'SYSTEM', 'v2Task.runTask2(1,2l,\'asa\',true,2D)', 'v2Task2 总共耗时：0毫秒', 0, NULL, '2020-04-29 18:37:25', '2020-04-29 18:37:25');
INSERT INTO `t_sys_quartz_job_log` VALUES ('415425006516965376', 'v2Task2', 'SYSTEM', 'v2Task.runTask2(1,2l,\'asa\',true,2D)', 'v2Task2 总共耗时：1毫秒', 0, NULL, '2020-04-29 18:37:30', '2020-04-29 18:37:30');
INSERT INTO `t_sys_quartz_job_log` VALUES ('415425027484291072', 'v2Task2', 'SYSTEM', 'v2Task.runTask2(1,2l,\'asa\',true,2D)', 'v2Task2 总共耗时：0毫秒', 0, NULL, '2020-04-29 18:37:35', '2020-04-29 18:37:35');
INSERT INTO `t_sys_quartz_job_log` VALUES ('415425048476782592', 'v2Task2', 'SYSTEM', 'v2Task.runTask2(1,2l,\'asa\',true,2D)', 'v2Task2 总共耗时：2毫秒', 0, NULL, '2020-04-29 18:37:40', '2020-04-29 18:37:40');
INSERT INTO `t_sys_quartz_job_log` VALUES ('415425069427331072', 'v2Task2', 'SYSTEM', 'v2Task.runTask2(1,2l,\'asa\',true,2D)', 'v2Task2 总共耗时：0毫秒', 0, NULL, '2020-04-29 18:37:45', '2020-04-29 18:37:45');
INSERT INTO `t_sys_quartz_job_log` VALUES ('415425090436599808', 'v2Task2', 'SYSTEM', 'v2Task.runTask2(1,2l,\'asa\',true,2D)', 'v2Task2 总共耗时：1毫秒', 0, NULL, '2020-04-29 18:37:50', '2020-04-29 18:37:50');
INSERT INTO `t_sys_quartz_job_log` VALUES ('415425111412314112', 'v2Task2', 'SYSTEM', 'v2Task.runTask2(1,2l,\'asa\',true,2D)', 'v2Task2 总共耗时：0毫秒', 0, NULL, '2020-04-29 18:37:55', '2020-04-29 18:37:55');
INSERT INTO `t_sys_quartz_job_log` VALUES ('415425132354473984', 'v2Task2', 'SYSTEM', 'v2Task.runTask2(1,2l,\'asa\',true,2D)', 'v2Task2 总共耗时：0毫秒', 0, NULL, '2020-04-29 18:38:00', '2020-04-29 18:38:00');
INSERT INTO `t_sys_quartz_job_log` VALUES ('415425153334382592', 'v2Task2', 'SYSTEM', 'v2Task.runTask2(1,2l,\'asa\',true,2D)', 'v2Task2 总共耗时：0毫秒', 0, NULL, '2020-04-29 18:38:05', '2020-04-29 18:38:05');
INSERT INTO `t_sys_quartz_job_log` VALUES ('415425174335262720', 'v2Task2', 'SYSTEM', 'v2Task.runTask2(1,2l,\'asa\',true,2D)', 'v2Task2 总共耗时：1毫秒', 0, NULL, '2020-04-29 18:38:10', '2020-04-29 18:38:10');
INSERT INTO `t_sys_quartz_job_log` VALUES ('415425195290005504', 'v2Task2', 'SYSTEM', 'v2Task.runTask2(1,2l,\'asa\',true,2D)', 'v2Task2 总共耗时：0毫秒', 0, NULL, '2020-04-29 18:38:15', '2020-04-29 18:38:15');
INSERT INTO `t_sys_quartz_job_log` VALUES ('415425216248942592', 'v2Task2', 'SYSTEM', 'v2Task.runTask2(1,2l,\'asa\',true,2D)', 'v2Task2 总共耗时：1毫秒', 0, NULL, '2020-04-29 18:38:20', '2020-04-29 18:38:20');
INSERT INTO `t_sys_quartz_job_log` VALUES ('415425237224656896', 'v2Task2', 'SYSTEM', 'v2Task.runTask2(1,2l,\'asa\',true,2D)', 'v2Task2 总共耗时：2毫秒', 0, NULL, '2020-04-29 18:38:25', '2020-04-29 18:38:25');
INSERT INTO `t_sys_quartz_job_log` VALUES ('415425258200371200', 'v2Task2', 'SYSTEM', 'v2Task.runTask2(1,2l,\'asa\',true,2D)', 'v2Task2 总共耗时：1毫秒', 0, NULL, '2020-04-29 18:38:30', '2020-04-29 18:38:30');
INSERT INTO `t_sys_quartz_job_log` VALUES ('415425279192862720', 'v2Task2', 'SYSTEM', 'v2Task.runTask2(1,2l,\'asa\',true,2D)', 'v2Task2 总共耗时：1毫秒', 0, NULL, '2020-04-29 18:38:35', '2020-04-29 18:38:35');
INSERT INTO `t_sys_quartz_job_log` VALUES ('415425300126633984', 'v2Task2', 'SYSTEM', 'v2Task.runTask2(1,2l,\'asa\',true,2D)', 'v2Task2 总共耗时：0毫秒', 0, NULL, '2020-04-29 18:38:40', '2020-04-29 18:38:40');
INSERT INTO `t_sys_quartz_job_log` VALUES ('415425321089765376', 'v2Task2', 'SYSTEM', 'v2Task.runTask2(1,2l,\'asa\',true,2D)', 'v2Task2 总共耗时：1毫秒', 0, NULL, '2020-04-29 18:38:45', '2020-04-29 18:38:45');
INSERT INTO `t_sys_quartz_job_log` VALUES ('415425342082256896', 'v2Task2', 'SYSTEM', 'v2Task.runTask2(1,2l,\'asa\',true,2D)', 'v2Task2 总共耗时：0毫秒', 0, NULL, '2020-04-29 18:38:50', '2020-04-29 18:38:50');
INSERT INTO `t_sys_quartz_job_log` VALUES ('415425363041193984', 'v2Task2', 'SYSTEM', 'v2Task.runTask2(1,2l,\'asa\',true,2D)', 'v2Task2 总共耗时：1毫秒', 0, NULL, '2020-04-29 18:38:55', '2020-04-29 18:38:55');
INSERT INTO `t_sys_quartz_job_log` VALUES ('415425384000131072', 'v2Task2', 'SYSTEM', 'v2Task.runTask2(1,2l,\'asa\',true,2D)', 'v2Task2 总共耗时：0毫秒', 0, NULL, '2020-04-29 18:39:00', '2020-04-29 18:39:00');
INSERT INTO `t_sys_quartz_job_log` VALUES ('415425404967456768', 'v2Task2', 'SYSTEM', 'v2Task.runTask2(1,2l,\'asa\',true,2D)', 'v2Task2 总共耗时：0毫秒', 0, NULL, '2020-04-29 18:39:05', '2020-04-29 18:39:05');
INSERT INTO `t_sys_quartz_job_log` VALUES ('415425425997697024', 'v2Task2', 'SYSTEM', 'v2Task.runTask2(1,2l,\'asa\',true,2D)', 'v2Task2 总共耗时：1毫秒', 0, NULL, '2020-04-29 18:39:10', '2020-04-29 18:39:10');
INSERT INTO `t_sys_quartz_job_log` VALUES ('415425446956634112', 'v2Task2', 'SYSTEM', 'v2Task.runTask2(1,2l,\'asa\',true,2D)', 'v2Task2 总共耗时：0毫秒', 0, NULL, '2020-04-29 18:39:15', '2020-04-29 18:39:15');
INSERT INTO `t_sys_quartz_job_log` VALUES ('415425467902988288', 'v2Task2', 'SYSTEM', 'v2Task.runTask2(1,2l,\'asa\',true,2D)', 'v2Task2 总共耗时：0毫秒', 0, NULL, '2020-04-29 18:39:20', '2020-04-29 18:39:20');
INSERT INTO `t_sys_quartz_job_log` VALUES ('415425488866119680', 'v2Task2', 'SYSTEM', 'v2Task.runTask2(1,2l,\'asa\',true,2D)', 'v2Task2 总共耗时：0毫秒', 0, NULL, '2020-04-29 18:39:25', '2020-04-29 18:39:25');
INSERT INTO `t_sys_quartz_job_log` VALUES ('415425509825056768', 'v2Task2', 'SYSTEM', 'v2Task.runTask2(1,2l,\'asa\',true,2D)', 'v2Task2 总共耗时：1毫秒', 0, NULL, '2020-04-29 18:39:30', '2020-04-29 18:39:30');
INSERT INTO `t_sys_quartz_job_log` VALUES ('415425530800771072', 'v2Task2', 'SYSTEM', 'v2Task.runTask2(1,2l,\'asa\',true,2D)', 'v2Task2 总共耗时：1毫秒', 0, NULL, '2020-04-29 18:39:35', '2020-04-29 18:39:35');
INSERT INTO `t_sys_quartz_job_log` VALUES ('415425551768096768', 'v2Task2', 'SYSTEM', 'v2Task.runTask2(1,2l,\'asa\',true,2D)', 'v2Task2 总共耗时：0毫秒', 0, NULL, '2020-04-29 18:39:40', '2020-04-29 18:39:40');
INSERT INTO `t_sys_quartz_job_log` VALUES ('415425572743811072', 'v2Task2', 'SYSTEM', 'v2Task.runTask2(1,2l,\'asa\',true,2D)', 'v2Task2 总共耗时：1毫秒', 0, NULL, '2020-04-29 18:39:45', '2020-04-29 18:39:45');
INSERT INTO `t_sys_quartz_job_log` VALUES ('415425593706942464', 'v2Task2', 'SYSTEM', 'v2Task.runTask2(1,2l,\'asa\',true,2D)', 'v2Task2 总共耗时：0毫秒', 0, NULL, '2020-04-29 18:39:50', '2020-04-29 18:39:50');
INSERT INTO `t_sys_quartz_job_log` VALUES ('415425614678462464', 'v2Task2', 'SYSTEM', 'v2Task.runTask2(1,2l,\'asa\',true,2D)', 'v2Task2 总共耗时：0毫秒', 0, NULL, '2020-04-29 18:39:55', '2020-04-29 18:39:55');
INSERT INTO `t_sys_quartz_job_log` VALUES ('415425635654176768', 'v2Task2', 'SYSTEM', 'v2Task.runTask2(1,2l,\'asa\',true,2D)', 'v2Task2 总共耗时：0毫秒', 0, NULL, '2020-04-29 18:40:00', '2020-04-29 18:40:00');
INSERT INTO `t_sys_quartz_job_log` VALUES ('415425656629891072', 'v2Task2', 'SYSTEM', 'v2Task.runTask2(1,2l,\'asa\',true,2D)', 'v2Task2 总共耗时：1毫秒', 0, NULL, '2020-04-29 18:40:05', '2020-04-29 18:40:05');
INSERT INTO `t_sys_quartz_job_log` VALUES ('415425677597216768', 'v2Task2', 'SYSTEM', 'v2Task.runTask2(1,2l,\'asa\',true,2D)', 'v2Task2 总共耗时：0毫秒', 0, NULL, '2020-04-29 18:40:10', '2020-04-29 18:40:10');
INSERT INTO `t_sys_quartz_job_log` VALUES ('415425698568736768', 'v2Task2', 'SYSTEM', 'v2Task.runTask2(1,2l,\'asa\',true,2D)', 'v2Task2 总共耗时：0毫秒', 0, NULL, '2020-04-29 18:40:15', '2020-04-29 18:40:15');
INSERT INTO `t_sys_quartz_job_log` VALUES ('415425719540256768', 'v2Task2', 'SYSTEM', 'v2Task.runTask2(1,2l,\'asa\',true,2D)', 'v2Task2 总共耗时：1毫秒', 0, NULL, '2020-04-29 18:40:20', '2020-04-29 18:40:20');
INSERT INTO `t_sys_quartz_job_log` VALUES ('415425740515971072', 'v2Task2', 'SYSTEM', 'v2Task.runTask2(1,2l,\'asa\',true,2D)', 'v2Task2 总共耗时：1毫秒', 0, NULL, '2020-04-29 18:40:25', '2020-04-29 18:40:25');
INSERT INTO `t_sys_quartz_job_log` VALUES ('415425761487491072', 'v2Task2', 'SYSTEM', 'v2Task.runTask2(1,2l,\'asa\',true,2D)', 'v2Task2 总共耗时：1毫秒', 0, NULL, '2020-04-29 18:40:30', '2020-04-29 18:40:30');
INSERT INTO `t_sys_quartz_job_log` VALUES ('415425782454816768', 'v2Task2', 'SYSTEM', 'v2Task.runTask2(1,2l,\'asa\',true,2D)', 'v2Task2 总共耗时：0毫秒', 0, NULL, '2020-04-29 18:40:35', '2020-04-29 18:40:35');
INSERT INTO `t_sys_quartz_job_log` VALUES ('415425803430531072', 'v2Task2', 'SYSTEM', 'v2Task.runTask2(1,2l,\'asa\',true,2D)', 'v2Task2 总共耗时：0毫秒', 0, NULL, '2020-04-29 18:40:40', '2020-04-29 18:40:40');
INSERT INTO `t_sys_quartz_job_log` VALUES ('415425824397856768', 'v2Task2', 'SYSTEM', 'v2Task.runTask2(1,2l,\'asa\',true,2D)', 'v2Task2 总共耗时：1毫秒', 0, NULL, '2020-04-29 18:40:45', '2020-04-29 18:40:45');
INSERT INTO `t_sys_quartz_job_log` VALUES ('415425845373571072', 'v2Task2', 'SYSTEM', 'v2Task.runTask2(1,2l,\'asa\',true,2D)', 'v2Task2 总共耗时：1毫秒', 0, NULL, '2020-04-29 18:40:50', '2020-04-29 18:40:50');
INSERT INTO `t_sys_quartz_job_log` VALUES ('415425866340896768', 'v2Task2', 'SYSTEM', 'v2Task.runTask2(1,2l,\'asa\',true,2D)', 'v2Task2 总共耗时：0毫秒', 0, NULL, '2020-04-29 18:40:55', '2020-04-29 18:40:55');
INSERT INTO `t_sys_quartz_job_log` VALUES ('415425887312416768', 'v2Task2', 'SYSTEM', 'v2Task.runTask2(1,2l,\'asa\',true,2D)', 'v2Task2 总共耗时：0毫秒', 0, NULL, '2020-04-29 18:41:00', '2020-04-29 18:41:00');
INSERT INTO `t_sys_quartz_job_log` VALUES ('415425908283936768', 'v2Task2', 'SYSTEM', 'v2Task.runTask2(1,2l,\'asa\',true,2D)', 'v2Task2 总共耗时：0毫秒', 0, NULL, '2020-04-29 18:41:05', '2020-04-29 18:41:05');
INSERT INTO `t_sys_quartz_job_log` VALUES ('415425929255456768', 'v2Task2', 'SYSTEM', 'v2Task.runTask2(1,2l,\'asa\',true,2D)', 'v2Task2 总共耗时：1毫秒', 0, NULL, '2020-04-29 18:41:10', '2020-04-29 18:41:10');
INSERT INTO `t_sys_quartz_job_log` VALUES ('415425950226976768', 'v2Task2', 'SYSTEM', 'v2Task.runTask2(1,2l,\'asa\',true,2D)', 'v2Task2 总共耗时：0毫秒', 0, NULL, '2020-04-29 18:41:15', '2020-04-29 18:41:15');
INSERT INTO `t_sys_quartz_job_log` VALUES ('415425971198496768', 'v2Task2', 'SYSTEM', 'v2Task.runTask2(1,2l,\'asa\',true,2D)', 'v2Task2 总共耗时：0毫秒', 0, NULL, '2020-04-29 18:41:20', '2020-04-29 18:41:20');
INSERT INTO `t_sys_quartz_job_log` VALUES ('415425992165822464', 'v2Task2', 'SYSTEM', 'v2Task.runTask2(1,2l,\'asa\',true,2D)', 'v2Task2 总共耗时：0毫秒', 0, NULL, '2020-04-29 18:41:25', '2020-04-29 18:41:25');
INSERT INTO `t_sys_quartz_job_log` VALUES ('415426013141536768', 'v2Task2', 'SYSTEM', 'v2Task.runTask2(1,2l,\'asa\',true,2D)', 'v2Task2 总共耗时：0毫秒', 0, NULL, '2020-04-29 18:41:30', '2020-04-29 18:41:30');
INSERT INTO `t_sys_quartz_job_log` VALUES ('415426034117251072', 'v2Task2', 'SYSTEM', 'v2Task.runTask2(1,2l,\'asa\',true,2D)', 'v2Task2 总共耗时：1毫秒', 0, NULL, '2020-04-29 18:41:35', '2020-04-29 18:41:35');
INSERT INTO `t_sys_quartz_job_log` VALUES ('415426055088771072', 'v2Task2', 'SYSTEM', 'v2Task.runTask2(1,2l,\'asa\',true,2D)', 'v2Task2 总共耗时：0毫秒', 0, NULL, '2020-04-29 18:41:40', '2020-04-29 18:41:40');
INSERT INTO `t_sys_quartz_job_log` VALUES ('415426076056096768', 'v2Task2', 'SYSTEM', 'v2Task.runTask2(1,2l,\'asa\',true,2D)', 'v2Task2 总共耗时：0毫秒', 0, NULL, '2020-04-29 18:41:45', '2020-04-29 18:41:45');
INSERT INTO `t_sys_quartz_job_log` VALUES ('415426117479043072', 'v2Task2', 'SYSTEM', 'v2Task.runTask2(1,2l,\'asa\',true,2D)', 'v2Task2 总共耗时：4毫秒', 0, NULL, '2020-04-29 18:41:51', '2020-04-29 18:41:51');
INSERT INTO `t_sys_quartz_job_log` VALUES ('415426138983239680', 'v2Task2', 'SYSTEM', 'v2Task.runTask2(1,2l,\'asa\',true,2D)', 'v2Task2 总共耗时：0毫秒', 0, NULL, '2020-04-29 18:42:00', '2020-04-29 18:42:00');
INSERT INTO `t_sys_quartz_job_log` VALUES ('415426180909502464', 'v2Task2', 'SYSTEM', 'v2Task.runTask2(1,2l,\'asa\',true,2D)', 'v2Task2 总共耗时：0毫秒', 0, NULL, '2020-04-29 18:42:10', '2020-04-29 18:42:10');
INSERT INTO `t_sys_quartz_job_log` VALUES ('415426222856736768', 'v2Task2', 'SYSTEM', 'v2Task.runTask2(1,2l,\'asa\',true,2D)', 'v2Task2 总共耗时：0毫秒', 0, NULL, '2020-04-29 18:42:20', '2020-04-29 18:42:20');
INSERT INTO `t_sys_quartz_job_log` VALUES ('415426264799776768', 'v2Task2', 'SYSTEM', 'v2Task.runTask2(1,2l,\'asa\',true,2D)', 'v2Task2 总共耗时：1毫秒', 0, NULL, '2020-04-29 18:42:30', '2020-04-29 18:42:30');
INSERT INTO `t_sys_quartz_job_log` VALUES ('415426306742816768', 'v2Task2', 'SYSTEM', 'v2Task.runTask2(1,2l,\'asa\',true,2D)', 'v2Task2 总共耗时：1毫秒', 0, NULL, '2020-04-29 18:42:40', '2020-04-29 18:42:40');
INSERT INTO `t_sys_quartz_job_log` VALUES ('415426348685856768', 'v2Task2', 'SYSTEM', 'v2Task.runTask2(1,2l,\'asa\',true,2D)', 'v2Task2 总共耗时：0毫秒', 0, NULL, '2020-04-29 18:42:50', '2020-04-29 18:42:50');
INSERT INTO `t_sys_quartz_job_log` VALUES ('415426390633091072', 'v2Task2', 'SYSTEM', 'v2Task.runTask2(1,2l,\'asa\',true,2D)', 'v2Task2 总共耗时：0毫秒', 0, NULL, '2020-04-29 18:43:00', '2020-04-29 18:43:00');
INSERT INTO `t_sys_quartz_job_log` VALUES ('415426432580325376', 'v2Task2', 'SYSTEM', 'v2Task.runTask2(1,2l,\'asa\',true,2D)', 'v2Task2 总共耗时：0毫秒', 0, NULL, '2020-04-29 18:43:10', '2020-04-29 18:43:10');
INSERT INTO `t_sys_quartz_job_log` VALUES ('415426453539262464', 'v2Task2', 'SYSTEM', 'v2Task.runTask2(1,2l,\'asa\',true,2D)', 'v2Task2 总共耗时：0毫秒', 0, NULL, '2020-04-29 18:43:15', '2020-04-29 18:43:15');
INSERT INTO `t_sys_quartz_job_log` VALUES ('415426474519171072', 'v2Task2', 'SYSTEM', 'v2Task.runTask2(1,2l,\'asa\',true,2D)', 'v2Task2 总共耗时：2毫秒', 0, NULL, '2020-04-29 18:43:20', '2020-04-29 18:43:20');
INSERT INTO `t_sys_quartz_job_log` VALUES ('415426495486496768', 'v2Task2', 'SYSTEM', 'v2Task.runTask2(1,2l,\'asa\',true,2D)', 'v2Task2 总共耗时：1毫秒', 0, NULL, '2020-04-29 18:43:25', '2020-04-29 18:43:25');
INSERT INTO `t_sys_quartz_job_log` VALUES ('415426516462211072', 'v2Task2', 'SYSTEM', 'v2Task.runTask2(1,2l,\'asa\',true,2D)', 'v2Task2 总共耗时：1毫秒', 0, NULL, '2020-04-29 18:43:30', '2020-04-29 18:43:30');
INSERT INTO `t_sys_quartz_job_log` VALUES ('415426537437925376', 'v2Task2', 'SYSTEM', 'v2Task.runTask2(1,2l,\'asa\',true,2D)', 'v2Task2 总共耗时：1毫秒', 0, NULL, '2020-04-29 18:43:35', '2020-04-29 18:43:35');
INSERT INTO `t_sys_quartz_job_log` VALUES ('415426558417833984', 'v2Task2', 'SYSTEM', 'v2Task.runTask2(1,2l,\'asa\',true,2D)', 'v2Task2 总共耗时：1毫秒', 0, NULL, '2020-04-29 18:43:40', '2020-04-29 18:43:40');
INSERT INTO `t_sys_quartz_job_log` VALUES ('415426579372576768', 'v2Task2', 'SYSTEM', 'v2Task.runTask2(1,2l,\'asa\',true,2D)', 'v2Task2 总共耗时：1毫秒', 0, NULL, '2020-04-29 18:43:45', '2020-04-29 18:43:45');
INSERT INTO `t_sys_quartz_job_log` VALUES ('415426600344096768', 'v2Task2', 'SYSTEM', 'v2Task.runTask2(1,2l,\'asa\',true,2D)', 'v2Task2 总共耗时：0毫秒', 0, NULL, '2020-04-29 18:43:50', '2020-04-29 18:43:50');
INSERT INTO `t_sys_quartz_job_log` VALUES ('415426789146497024', 'v2Task2', 'SYSTEM', 'v2Task.runTask2(1,2l,\'asa\',true,2D)', 'v2Task2 总共耗时：3毫秒', 0, NULL, '2020-04-29 18:44:35', '2020-04-29 18:44:35');
INSERT INTO `t_sys_quartz_job_log` VALUES ('415426810071879680', 'v2Task2', 'SYSTEM', 'v2Task.runTask2(1,2l,\'asa\',true,2D)', 'v2Task2 总共耗时：0毫秒', 0, NULL, '2020-04-29 18:44:40', '2020-04-29 18:44:40');
INSERT INTO `t_sys_quartz_job_log` VALUES ('415426831039205376', 'v2Task2', 'SYSTEM', 'v2Task.runTask2(1,2l,\'asa\',true,2D)', 'v2Task2 总共耗时：1毫秒', 0, NULL, '2020-04-29 18:44:45', '2020-04-29 18:44:45');
INSERT INTO `t_sys_quartz_job_log` VALUES ('415426851998142464', 'v2Task2', 'SYSTEM', 'v2Task.runTask2(1,2l,\'asa\',true,2D)', 'v2Task2 总共耗时：0毫秒', 0, NULL, '2020-04-29 18:44:50', '2020-04-29 18:44:50');
INSERT INTO `t_sys_quartz_job_log` VALUES ('415426872982245376', 'v2Task2', 'SYSTEM', 'v2Task.runTask2(1,2l,\'asa\',true,2D)', 'v2Task2 总共耗时：1毫秒', 0, NULL, '2020-04-29 18:44:55', '2020-04-29 18:44:55');
INSERT INTO `t_sys_quartz_job_log` VALUES ('415426894041845760', 'v2Task2', 'SYSTEM', 'v2Task.runTask2(1,2l,\'asa\',true,2D)', 'v2Task2 总共耗时：1毫秒', 0, NULL, '2020-04-29 18:45:00', '2020-04-29 18:45:00');
INSERT INTO `t_sys_quartz_job_log` VALUES ('415426914921091072', 'v2Task2', 'SYSTEM', 'v2Task.runTask2(1,2l,\'asa\',true,2D)', 'v2Task2 总共耗时：1毫秒', 0, NULL, '2020-04-29 18:45:05', '2020-04-29 18:45:05');
INSERT INTO `t_sys_quartz_job_log` VALUES ('415426935888416768', 'v2Task2', 'SYSTEM', 'v2Task.runTask2(1,2l,\'asa\',true,2D)', 'v2Task2 总共耗时：1毫秒', 0, NULL, '2020-04-29 18:45:10', '2020-04-29 18:45:10');
INSERT INTO `t_sys_quartz_job_log` VALUES ('415426956864131072', 'v2Task2', 'SYSTEM', 'v2Task.runTask2(1,2l,\'asa\',true,2D)', 'v2Task2 总共耗时：1毫秒', 0, NULL, '2020-04-29 18:45:15', '2020-04-29 18:45:15');
INSERT INTO `t_sys_quartz_job_log` VALUES ('415426977835651072', 'v2Task2', 'SYSTEM', 'v2Task.runTask2(1,2l,\'asa\',true,2D)', 'v2Task2 总共耗时：1毫秒', 0, NULL, '2020-04-29 18:45:20', '2020-04-29 18:45:20');
INSERT INTO `t_sys_quartz_job_log` VALUES ('415427019774496768', 'v2Task2', 'SYSTEM', 'v2Task.runTask2(1,2l,\'asa\',true,2D)', 'v2Task2 总共耗时：0毫秒', 0, NULL, '2020-04-29 18:45:30', '2020-04-29 18:45:30');
INSERT INTO `t_sys_quartz_job_log` VALUES ('415427061713342464', 'v2Task2', 'SYSTEM', 'v2Task.runTask2(1,2l,\'asa\',true,2D)', 'v2Task2 总共耗时：0毫秒', 0, NULL, '2020-04-29 18:45:40', '2020-04-29 18:45:40');
INSERT INTO `t_sys_quartz_job_log` VALUES ('415427103660576768', 'v2Task2', 'SYSTEM', 'v2Task.runTask2(1,2l,\'asa\',true,2D)', 'v2Task2 总共耗时：0毫秒', 0, NULL, '2020-04-29 18:45:50', '2020-04-29 18:45:50');

-- ----------------------------
-- Table structure for t_sys_role
-- ----------------------------
DROP TABLE IF EXISTS `t_sys_role`;
CREATE TABLE `t_sys_role`  (
  `id` varchar(255) CHARACTER SET utf8 COLLATE utf8_general_ci NOT NULL COMMENT 'id',
  `name` varchar(255) CHARACTER SET utf8 COLLATE utf8_general_ci NULL DEFAULT NULL COMMENT '角色名称',
  PRIMARY KEY (`id`) USING BTREE
) ENGINE = InnoDB CHARACTER SET = utf8 COLLATE = utf8_general_ci COMMENT = '角色表' ROW_FORMAT = Dynamic;

-- ----------------------------
-- Records of t_sys_role
-- ----------------------------
INSERT INTO `t_sys_role` VALUES ('488243256161730560', '管理员');
INSERT INTO `t_sys_role` VALUES ('488289006124007424', '用户');
INSERT INTO `t_sys_role` VALUES ('488305788310257664', '能修改用户密码角色');

-- ----------------------------
-- Table structure for t_sys_role_user
-- ----------------------------
DROP TABLE IF EXISTS `t_sys_role_user`;
CREATE TABLE `t_sys_role_user`  (
  `id` varchar(255) CHARACTER SET utf8 COLLATE utf8_general_ci NOT NULL,
  `sys_user_id` varchar(255) CHARACTER SET utf8 COLLATE utf8_general_ci NULL DEFAULT NULL COMMENT '用户id',
  `sys_role_id` varchar(255) CHARACTER SET utf8 COLLATE utf8_general_ci NULL DEFAULT NULL COMMENT '角色id',
  PRIMARY KEY (`id`) USING BTREE
) ENGINE = InnoDB CHARACTER SET = utf8 COLLATE = utf8_general_ci COMMENT = '用户角色中间表' ROW_FORMAT = Dynamic;

-- ----------------------------
-- Records of t_sys_role_user
-- ----------------------------
INSERT INTO `t_sys_role_user` VALUES ('353711021275353089', '353711021275353088', '488289006124007424');
INSERT INTO `t_sys_role_user` VALUES ('353714370687143936', '488294747442511872', '488289006124007424');
INSERT INTO `t_sys_role_user` VALUES ('354984037766533120', '354984005751410688', '488243256161730560');
INSERT INTO `t_sys_role_user` VALUES ('354988722443390977', '354988722443390976', '488243256161730560');
INSERT INTO `t_sys_role_user` VALUES ('354989789679849472', '354989789675655168', '488305788310257664');
INSERT INTO `t_sys_role_user` VALUES ('495571139645542400', '1', '488243256161730560');
INSERT INTO `t_sys_role_user` VALUES ('612107905532952576', '612107905532952576', '488289006124007424');
INSERT INTO `t_sys_role_user` VALUES ('612107905537146880', '612107905532952576', '488305788310257664');

-- ----------------------------
-- Table structure for t_sys_street
-- ----------------------------
DROP TABLE IF EXISTS `t_sys_street`;
CREATE TABLE `t_sys_street`  (
  `id` int(11) NOT NULL AUTO_INCREMENT COMMENT '自增列',
  `street_code` varchar(40) CHARACTER SET utf8 COLLATE utf8_general_ci NOT NULL COMMENT '街道代码',
  `area_code` varchar(40) CHARACTER SET utf8 COLLATE utf8_general_ci NULL DEFAULT NULL COMMENT '父级区代码',
  `street_name` varchar(50) CHARACTER SET utf8 COLLATE utf8_general_ci NOT NULL COMMENT '街道名称',
  `short_name` varchar(30) CHARACTER SET utf8 COLLATE utf8_general_ci NOT NULL COMMENT '简称',
  `lng` varchar(20) CHARACTER SET utf8 COLLATE utf8_general_ci NULL DEFAULT NULL COMMENT '经度',
  `lat` varchar(20) CHARACTER SET utf8 COLLATE utf8_general_ci NULL DEFAULT NULL COMMENT '纬度',
  `sort` int(6) NULL DEFAULT NULL COMMENT '排序',
  `gmt_create` datetime(0) NULL DEFAULT NULL COMMENT '创建时间',
  `gmt_modified` datetime(0) NULL DEFAULT NULL COMMENT '修改时间',
  `memo` varchar(250) CHARACTER SET utf8 COLLATE utf8_general_ci NULL DEFAULT NULL COMMENT '备注',
  `data_state` int(11) NULL DEFAULT NULL COMMENT '状态',
  PRIMARY KEY (`id`) USING BTREE,
  INDEX `Index_1`(`street_code`) USING BTREE
) ENGINE = InnoDB AUTO_INCREMENT = 1 CHARACTER SET = utf8 COLLATE = utf8_general_ci COMMENT = '街道设置' ROW_FORMAT = Dynamic;

-- ----------------------------
-- Table structure for t_sys_user
-- ----------------------------
DROP TABLE IF EXISTS `t_sys_user`;
CREATE TABLE `t_sys_user`  (
  `id` varchar(255) CHARACTER SET utf8 COLLATE utf8_bin NOT NULL COMMENT '主键',
  `username` varchar(255) CHARACTER SET utf8 COLLATE utf8_general_ci NULL DEFAULT NULL COMMENT '用户账号',
  `password` varchar(255) CHARACTER SET utf8 COLLATE utf8_general_ci NULL DEFAULT NULL COMMENT '用户密码',
  `nickname` varchar(255) CHARACTER SET utf8 COLLATE utf8_bin NULL DEFAULT NULL COMMENT '昵称',
  `dep_id` int(11) NULL DEFAULT NULL COMMENT '部门id',
  `pos_id` varchar(255) CHARACTER SET utf8 COLLATE utf8_bin NULL DEFAULT NULL COMMENT '岗位id',
  PRIMARY KEY (`id`) USING BTREE
) ENGINE = InnoDB CHARACTER SET = utf8 COLLATE = utf8_bin COMMENT = '用户表' ROW_FORMAT = Dynamic;

-- ----------------------------
-- Records of t_sys_user
-- ----------------------------
INSERT INTO `t_sys_user` VALUES ('1', 'admin', '21232f297a57a5a743894a0e4a801fc3', '管理员', 2, '410792368778907648');
INSERT INTO `t_sys_user` VALUES ('433236479427350528', 'fuce', '96e79218965eb72c92a549dd5a330112', '付册', 2, '410792443127140352');

-- ----------------------------
-- Table structure for t_test
-- ----------------------------
DROP TABLE IF EXISTS `t_test`;
CREATE TABLE `t_test`  (
  `id` varchar(255) CHARACTER SET utf8 COLLATE utf8_general_ci NOT NULL COMMENT '主键',
  `name` varchar(255) CHARACTER SET utf8 COLLATE utf8_general_ci NULL DEFAULT NULL COMMENT '姓名',
  `age` int(11) NULL DEFAULT NULL COMMENT '年龄',
  `sex` varchar(255) CHARACTER SET utf8 COLLATE utf8_general_ci NULL DEFAULT NULL COMMENT '性别',
  PRIMARY KEY (`id`) USING BTREE
) ENGINE = InnoDB CHARACTER SET = utf8 COLLATE = utf8_general_ci COMMENT = '测试表' ROW_FORMAT = Dynamic;

-- ----------------------------
-- Records of t_test
-- ----------------------------
INSERT INTO `t_test` VALUES ('457067146405613568', '管理员', 2, '1');
INSERT INTO `t_test` VALUES ('457067174939463680', '法院用户', 2, '1');
INSERT INTO `t_test` VALUES ('457067196175224832', 'guest', 1, '3');
INSERT INTO `t_test` VALUES ('457067220279889920', 'helloword', 1, '3');

SET FOREIGN_KEY_CHECKS = 1;
